Date/Time,TXID,Category,GRC Amount,GRC->USD Price,Amount(USD),Price Source,Price Source Date
03/24/26 22:44:28 UTC,035fee56dc08893093f62c185e69245e2b345af1ddbd8433d986c14e400449c8,send,-0.5000,0.005646,-0.0028,,
03/22/26 12:12:48 UTC,5112727ba380beda8e08698ca49ce7f5f1360cfebd113e23c0fc4e0fd6cfb1c8,generate,10.4965,0.005646,0.0593,,
03/22/26 08:32:48 UTC,db495b4b19ddc97adc3a9877f032a96b51d6a6ebf2a4fa00943261830d76e07f,generate,12.5203,0.005646,0.0707,,
03/21/26 14:54:08 UTC,117f3c36cde28e1f5c65064719015080f60a6919f0b939b519c8a5ee86119edc,generate,14.6172,0.005646,0.0825,,
03/20/26 08:35:12 UTC,f75c7aeba2b0326bbaf212ca6999c3e08dcec2598d60c4d8a5b6361f22937881,generate,15.0978,0.005646,0.0852,,
03/19/26 01:56:48 UTC,4b9db13215fa05a784b5ea3e08c7ab8e81f79fe9272159ef1e5f6389effe09da,generate,12.9459,0.005646,0.0731,,
03/18/26 11:03:44 UTC,ef3ed8053989808a9bdc95559302985dd6abdaf19aa65b64755fdf331f679105,generate,17.2695,0.005646,0.0975,,
03/16/26 23:35:44 UTC,22d3449c548bfe7ae766d8ad5e9766278c02f06265c6f8e28e9ecd172938cc15,generate,13.2142,0.005646,0.0746,,
03/16/26 07:21:20 UTC,a3e8dfd8ff13ec669205c1898aeacfa6561f766c6c670a7586aa537fa1f476f0,generate,12.5237,0.005646,0.0707,,
03/15/26 18:36:16 UTC,f88e4e8fda5b746289dadbc5e6a4e7b56c3978aa7fca59e22a2ae0b88708106a,generate,16.4875,0.005646,0.0931,,
03/14/26 08:51:28 UTC,5793a9c2eea1a2accb597d1cd7d392ecafd6e0ff57106d05f36d624db8c3b527,generate,11.5213,0.005646,0.0650,,
03/14/26 00:52:32 UTC,10b9bc083e12a166cda08de573ed4736470eeb83d152f0bc5ee065de8c1bd862,generate,14.4407,0.005646,0.0815,,
03/13/26 02:24:00 UTC,24f8d78122a815e15abc88ec47b8ec7469eb166c5346fa30ce91b9c73d8c76c3,generate,10.2950,0.005646,0.0581,,
03/13/26 00:49:36 UTC,b52e7a0ddfdec1afbd2c73cfa27d9a5c0fe20937dbd696a0a3ff11b95fbd828a,generate,11.1300,0.005646,0.0628,,
03/12/26 18:48:00 UTC,ee5b15dc53d5c210bb95d97162fd37a0e8f4db57381536c92318ef6579cc4250,generate,38.5071,0.005646,0.2174,,
03/05/26 09:30:56 UTC,07d0feeb7646d21e34c62df1be844e1b188e7551044a04322412c9de3260c646,generate,14.1067,0.005646,0.0796,,
03/04/26 05:21:20 UTC,430f35a8e49b2c7b50dc6622c6e5315fc84014e4880dffe0976f2ee2020e8b3a,generate,10.0719,0.005646,0.0569,,
03/04/26 04:51:44 UTC,a1b6e491b979e469ca29421ca23fb4145f6f04fbb4ca14a027d98fa7c8d3f3e6,generate,10.1698,0.005646,0.0574,,
03/04/26 03:41:52 UTC,24a3abecc3d4749dfb05bf8afd42959445942296edb5a3b00a6d1a9f88b072d3,generate,11.4892,0.005646,0.0649,,
03/03/26 18:06:40 UTC,ca7a5476e90d8cff6033d940e533cc4f50d1916722dd3d5ef6f88783b2d06867,generate,10.9014,0.005646,0.0615,,
03/03/26 12:20:32 UTC,e887323d82768fe6f9578258103277e48aea778ad0065b94a54151dde987f203,generate,10.8806,0.005646,0.0614,,
03/03/26 06:42:24 UTC,f17df2100a47010ba75ba14fdb2aba1b3b45cf96bafe09888206d1401d566dce,generate,13.1102,0.005646,0.0740,,
03/02/26 11:48:16 UTC,3b2afd086383365b61a8b8960c5333387c0f37359d2988304eb75be5709208ec,generate,10.0022,0.005646,0.0565,,
03/02/26 11:47:28 UTC,d1643bd32f9933feb5053cbc79253bac52b85f84db790c3b0b5810355216e46d,generate,17.9431,0.005646,0.1013,,
02/28/26 16:59:12 UTC,560aa833c17933fa3a8fe83a3d912acd09be23f5b4470e814036db2cd94a5c71,generate,74.3451,0.005646,0.4198,,
02/15/26 04:02:24 UTC,96c87fb8293c563440ca7350d6db6c2aed73012ca7c7701bb1448a31db78c293,generate,14.0115,0.005646,0.0791,,
02/14/26 05:23:12 UTC,aa5857d738b5c55cc12cbd5590abe49ad45143eabecd4c52d045ce619244de23,generate,10.6462,0.005646,0.0601,,
02/14/26 01:50:40 UTC,d8837fbd8a82450088a204e32d6b381ae1f226a07d0beb706a1fce0dd0920ae0,generate,17.4556,0.005646,0.0986,,
02/12/26 14:03:28 UTC,02e33d30e8a6ecf2f64638652b231e717c410098e93c2d994c06e6e8f17087ef,generate,13.8688,0.005646,0.0783,,
02/11/26 19:49:04 UTC,b246d66e97b7392a3bf7de8a2e9032b12cb19604bc2b0ec9837880b48dba9120,generate,10.4667,0.005646,0.0591,,
02/11/26 17:41:04 UTC,73e2e5d3d581ecdf32be0b16a7723f55fd709b63ab50003795435d5d0dcf1af6,generate,16.9196,0.005646,0.0955,,
02/10/26 10:47:44 UTC,26aa203d13bbdcd276c6091a9240e6efaf02adfb1c6614baf8790efe6dd0d2c1,generate,39.5802,0.005646,0.2235,,
02/04/26 20:51:44 UTC,7ca3c5c99c85fd4bf4e99d059a1adc423050d6ef7696e1db02e29786237366c6,generate,11.5824,0.005646,0.0654,,
02/04/26 13:16:00 UTC,d744c7c19b58dd2c8c23cb84ff5f62d7476680fa0f7b5bf711c80bac66c373f8,generate,20.0896,0.005646,0.1134,,
02/04/26 13:16:00 UTC,d744c7c19b58dd2c8c23cb84ff5f62d7476680fa0f7b5bf711c80bac66c373f8,generate,-5.7621,0.005646,-0.0325,,
02/04/26 13:16:00 UTC,d744c7c19b58dd2c8c23cb84ff5f62d7476680fa0f7b5bf711c80bac66c373f8,generate,-1.9161,0.005646,-0.0108,,
02/04/26 03:59:44 UTC,059c1cd2a484df935991313665888af7ad5dc996c57512c22a26118abc56c39f,generate,15.2222,0.005646,0.0859,,
02/03/26 01:44:00 UTC,82fcd877907a8eb365e78e5041b6add6fabb62c869186deec89ca903a1316aee,generate,16.2519,0.005646,0.0918,,
02/01/26 19:43:28 UTC,86f43cf4499c9ad70de5de88f0811dc1a615474bf0e9e6071e3b2c4da1a156ca,generate,10.5981,0.005646,0.0598,,
02/01/26 16:51:12 UTC,927449703bc0c7af068136807e3c942dd03a99824f279c92a1cb733d039b033e,generate,16.2732,0.005646,0.0919,,
01/31/26 10:44:48 UTC,df8f66747eadc2cca565db2fd05c14c665045a4c5b014dd03235cdd7469f9ed6,generate,10.4899,0.005646,0.0592,,
01/31/26 08:24:00 UTC,78ce1cf99d0b08e03bb14c4e8f5c2457a2527d8464765e8a1ca41a96480df982,generate,10.0620,0.005646,0.0568,,
01/31/26 08:06:08 UTC,a86e13466904cf89b24296f9779d4ffd2b3fb7120d4ebbf97f3ac54840e0910b,generate,14.3168,0.005646,0.0808,,
01/30/26 12:04:48 UTC,c5e27ce091c70bbc67c98ce7bdccd8da34ed7a40a33a9b1c4616543aaec76bb6,generate,10.0467,0.005646,0.0567,,
01/30/26 11:52:16 UTC,dc5a53abc6d1e3b97780d8361d0f2e5e6162f07e6e59c1794796c347ebee7c3a,generate,10.1264,0.005646,0.0572,,
01/30/26 11:17:36 UTC,d1f023e3571fa303b3f9a2c23687283cde5a071b64c60a3a4010cf267b8436d0,generate,10.5542,0.005646,0.0596,,
01/30/26 08:45:52 UTC,d96edb5c5f6333ae0ab1e901b706caa4cf5019cf427735cedc3275390daff3d1,generate,11.0841,0.005646,0.0626,,
01/30/26 03:48:48 UTC,84954f6853902256ed9c7d406e3119802853360ca07c6d4a3ad39488a6296f20,generate,13.9558,0.005646,0.0788,,
01/29/26 10:28:16 UTC,35d415125a76e3ad0cbd2e102b34b988fbace807e56836712e7b843e60a75436,generate,14.4600,0.005646,0.0816,,
01/28/26 15:29:20 UTC,7000aa28df1260ccfc9093cfec4629d4dd11ae08ad03a020c8da27f822a2b199,generate,10.0788,0.005646,0.0569,,
01/28/26 15:09:36 UTC,ca355ddc98cc9aeb77b5b50d399fea59cd21a82c26ecff415cf1b5025adec23e,generate,13.6821,0.005646,0.0772,,
01/27/26 23:53:04 UTC,b56bf70300ab71751338a793d5bdfd1fb2df9decfbd4e6a3843afe7b6d27cc5d,generate,15.2033,0.005646,0.0858,,
01/27/26 03:04:16 UTC,79fb551e1ba9e056f0d3a7fc025478e8d5d14a3a13bcb6c2057e1d95bfb89ec6,generate,11.3856,0.005646,0.0643,,
01/26/26 21:31:44 UTC,5a89572d4ca6bc77dc52541189c5f0c716c74ca54c6678a0ead7861ab060b55d,generate,18.5878,0.005646,0.1049,,
01/25/26 11:10:40 UTC,1b0a4ed7f2836dc8dcdd34a44a1f4ebb45f356466d3726d238aec7e8ec2f359c,generate,14.9111,0.005646,0.0842,,
01/24/26 15:32:00 UTC,e2716ac73b4c942c556479fa0c6661497c261f5639ce1c2bf2f7ea7654df7081,generate,17.6399,0.005646,0.0996,,
01/23/26 08:14:24 UTC,f7302828e97449ca6fedde967f107e45f25476cb47f6ba796f5e3ff24c8eb711,generate,11.1138,0.005646,0.0627,,
01/23/26 03:35:28 UTC,619072615cb09825ca62c8015c3a95726046e51cb19a3fee54d3824f091fc7c4,generate,12.9264,0.005646,0.0730,,
01/22/26 14:54:08 UTC,80c02555fe5f2fc1a759c0e4dc5e3c0e8eb1031f2cc2a464415755885e210b64,generate,14.1719,0.005646,0.0800,,
01/21/26 20:41:52 UTC,10458495c329608d011f8b2e0fc5f87672fd347d1734ba0a3c92bd4da9e545d8,generate,14.6587,0.005646,0.0828,,
01/21/26 00:22:08 UTC,7c198f1d4251adde21fc8dee6720d7d3c85ef4a6d991e83d588bc13897d77e1d,generate,19.8745,0.005646,0.1122,,
01/19/26 05:16:48 UTC,c6d0fe09d2c724bdcbfb3d9981c20d82f5eba7183a74af65d3803985c8aa1645,generate,19.8461,0.005646,0.1121,,
01/17/26 11:35:28 UTC,d8abb6a7f7f92fcb5365fe5f870c8e49e177f5d5dbe7701338b5082f09089523,generate,10.9299,0.005646,0.0617,,
01/17/26 07:52:32 UTC,4b9921f3f5bdc5f1914d94678bbecd969eb5b942859a60976a2d28ab388c71f4,generate,18.8439,0.005646,0.1064,,
01/15/26 19:14:24 UTC,f358eeae9ece953615a083647b869ba157dded9b2df7f8f89a8d471901fa88a9,generate,22.7957,0.005646,0.1287,,
01/13/26 12:12:32 UTC,c905875b8be2680d1f83ab41381b063b8d42092d8aeb4fd010f9395f89c19e5a,generate,13.8622,0.005646,0.0783,,
01/12/26 19:21:20 UTC,f3ca43be9b0efead5db07ef11a818a00900ffac4d54fc0986caac1ff6c4a5c3e,generate,18.9080,0.005646,0.1068,,
01/11/26 04:29:04 UTC,6bc3a1e3941ea3164417907eae826c4b49201424379e318b75d2452a4914beed,generate,12.9483,0.005646,0.0731,,
01/10/26 15:09:04 UTC,b799f9506d367eaf378b2d08035bb5efadd7bfc6047889007e51d8565c46a694,generate,11.3815,0.005646,0.0643,,
01/10/26 08:50:08 UTC,c2b419781c95d8e5d0610776dccfdef8bcb91f200e43821449de3c081fa44380,generate,16.5995,0.005646,0.0937,,
01/09/26 02:40:16 UTC,713bf035f6a0cf1fd34781dda2cd3fe9b0a4d1e6ebed187492fccdfebcf01111,generate,10.6200,0.005646,0.0600,,
01/08/26 23:45:52 UTC,530a6e53a645e26ef0f972d893f9700b05b69a62ddf0f067e618e6e65ad8af7a,generate,18.3165,0.005646,0.1034,,
01/07/26 08:40:48 UTC,1bb93f598efc5e8df154f6bd1bf82291c14fee68d3b0e56b06819d914d0f07a3,generate,10.7194,0.005646,0.0605,,
01/07/26 05:23:28 UTC,e8545d817c8b9b9c85447d4cca5f69a05d3965a0fb292d38acba3353dcf1bc6b,generate,11.3370,0.005646,0.0640,,
01/06/26 23:22:24 UTC,aa4dde27f2b7049fb8c4d017f72af28b4b46ecc779f61a7de35f3c773a6ab614,generate,11.8619,0.005646,0.0670,,
01/06/26 15:14:56 UTC,e951a621f2d39d46608c28ddd060d7266e3c2552091d626dd9512d013ec1a74d,generate,11.0980,0.005646,0.0627,,
01/06/26 10:27:28 UTC,5d482ccd7a27130b31442854bf6e90acff52f67c3e7c9d841c6cd3089576fdf2,generate,17.2843,0.005646,0.0976,,
01/05/26 03:39:28 UTC,98447fa740e588c28917a7c1dd2e874cab582c650dbd3fde75f19764dd9e1c4d,generate,12.5688,0.005646,0.0710,,
01/04/26 17:16:48 UTC,0692933246c87b9ef88ef48bacfb9ada5324cbf1c34870c0b3b9237b6e13d1df,generate,11.7943,0.005646,0.0666,,
01/04/26 10:06:24 UTC,f307969aa000b9764294640e95be597a383efe9b490329873cea4278c3237077,generate,14.2865,0.005646,0.0807,,
01/03/26 17:17:20 UTC,0c238b0473e4236aa3a32d7c0a4136e0acb0f851f2701074cbf9ef5abee6b6b5,generate,13.0440,0.005646,0.0736,,
01/03/26 05:36:00 UTC,a6ec9b2129e2e29579d2ac48cb0ff2992e2a83a620d6e1de036691a3f6348f7a,generate,21.9086,0.005646,0.1237,,
01/01/26 07:52:16 UTC,636d7ef5274a4b1b37961bf3c9deeff6551de7fa5a4a539eda9820c29e1ff6f9,generate,15.1919,0.005646,0.0858,,
12/31/25 11:23:28 UTC,780f1dba488c39cbc534a3cb821a757fa9f71b33c6b2db73066afa9cbfc4d7d5,generate,11.7567,0.005646,0.0664,,
12/31/25 04:21:52 UTC,51dc95598bda840a7a401eb3be3842f4932b433bbfb10372c178d47fb88ad9f5,generate,16.5933,0.005646,0.0937,,
12/30/25 01:59:28 UTC,6c42654c1d1544c71ff3d547fad740b1557dded7064f854f6a519a3735d31c63,generate,12.7444,0.005646,0.0720,,
12/29/25 15:00:48 UTC,45cccf9db4fc1ce58d0ae51b69fda7c2c670e3b6059533c18b12ed85a6a014d6,generate,10.8643,0.005646,0.0613,,
12/29/25 11:33:36 UTC,ab14014a46d8b0b5759faf28ca11db01da472bd19e9e032096a927346b690628,generate,15.3505,0.005646,0.0867,,
12/28/25 13:41:36 UTC,122910ff54cf08d617e2d0da4975e97f6eca01fe22cc55827a04d0e6dcdc615d,generate,14.5380,0.005646,0.0821,,
12/27/25 18:28:32 UTC,f8bfc690ef83a8791dcc46ed6218f5a9991a82408cb106ebfaf524cea5e947a9,generate,15.2725,0.005646,0.0862,,
12/27/25 15:18:24 UTC,1ca202983f20d59ab8d5a644ddf24c8236a552884903c75be6617b25568cc59b,receive,19.1299,0.005646,0.1080,,
12/26/25 19:12:48 UTC,66f0e9bd9eb3919240e1f79e9f5023f04b8427dd13b75fb799edec8a2af55aea,generate,13.6770,0.005646,0.0772,,
12/26/25 02:24:48 UTC,b0bd5f9ea80d11030bc1aa177e6d9d8d55f8402cb2ae760f703c1a112aebda37,generate,10.1876,0.005646,0.0575,,
12/26/25 01:33:20 UTC,9113547098e3050b3329eb19ad6bd3170a9a741178fe22d0bd747f3fc56dfe66,generate,11.8589,0.005646,0.0670,,
12/25/25 17:03:28 UTC,4e3b7e9755e29aeb363b16ffca03be2d724adaa25bb1b01473880329b5d8eb7d,generate,10.1021,0.005646,0.0570,,
12/25/25 16:35:44 UTC,fa43937be69c2cf1c88aff552bd050681c921d2ea7897fb79c7ce1fd312866d2,generate,15.2140,0.005646,0.0859,,
12/24/25 16:45:36 UTC,a682fa1da1d08fc3b0ec27df3b25da6c1d0a7cb130d723507632c824b3e036db,generate,13.1957,0.005646,0.0745,,
12/24/25 02:09:20 UTC,cc1e484603ace9ed33478b24213a09e5033ed15662d4dc3d2a72f1fcffb0a4e9,generate,11.2104,0.005646,0.0633,,
12/23/25 20:37:20 UTC,0f8f7eea34d4655066e170a7a9a29c473eb764ec79ee9a5a0492256ad503fece,generate,15.5456,0.005646,0.0878,,
12/22/25 19:16:16 UTC,c095f5bed7fc1e6f491d47ea8329ae416582bcaf6feae717f881d5c0acf3d705,generate,10.0535,0.005646,0.0568,,
12/22/25 19:01:36 UTC,63268ff72467d81ec85ccb46a5ed1d4cee0b4820e1d15ba371513738fe19e62c,generate,36.2723,0.005646,0.2048,,
12/18/25 06:24:16 UTC,1a63acbd6869905da797a37fcf4c074a5e99b5e0b7567b5671fd20ebe39cd3b0,generate,11.4931,0.005646,0.0649,,
12/18/25 00:40:16 UTC,05834ffd4f107653f2a99bb6e97f5fa52b4dff8f85ab68b0af4845a2abdcf18b,generate,10.6900,0.005646,0.0604,,
12/17/25 22:07:28 UTC,eac94f0ec592a59d94e19a12e83dbf4eb3ac91a9df3e103acc9d06e5bc16ecc8,generate,14.3646,0.005646,0.0811,,
12/17/25 06:00:32 UTC,c8af2e88582223b28f4114d16d1831fce2bbc5d64deb1c37f35587f41d3556d8,generate,20.1482,0.005646,0.1138,,
12/15/25 15:57:04 UTC,d9fb2942394d7b560c1576360a4c3421e78ede58c33e41a00a6e822ab41bd93b,generate,18.5447,0.005646,0.1047,,
12/14/25 08:22:08 UTC,4c0ecd0324cb34f7e9103834dd8ea0ea6951dbb0891cb98c29d5fee978d71bd4,generate,18.0432,0.005646,0.1019,,
12/12/25 23:25:36 UTC,35e95601ca69e849353585130457bc56c772c20417aaf93b0618d350b3141a78,generate,11.7426,0.005646,0.0663,,
12/12/25 15:49:52 UTC,d47101ddd83f1ad2e616e19c746f5877ea93a896a4081c7bdcb0d192ec191252,generate,12.0207,0.005646,0.0679,,
12/12/25 07:00:48 UTC,a54c8b8409dd07142396a47db3838ea9bcf8d8ce35b37f847f5679bbf7216a12,generate,10.8596,0.005646,0.0613,,
12/12/25 03:16:00 UTC,dc2a66f14be8b586ad4dafc5816f99588b4a2606205d1a10e9210601a420fe82,generate,12.0788,0.005646,0.0682,,
12/11/25 18:11:44 UTC,c446756ca089adefa3866f8250419de1de88e15ba14961220395a1b7c3c83122,generate,11.2080,0.005646,0.0633,,
12/11/25 12:55:28 UTC,109686bad12b01108c7af4ca62ed58b45998449a4de0f69b7dcc7c3aaab961f8,generate,12.6930,0.005646,0.0717,,
12/11/25 01:10:24 UTC,8703152d4ab801c6e32d28fa62f8a8475436f615cd3b82bd035fed2e06c91d85,generate,12.3606,0.005646,0.0698,,
12/10/25 15:17:20 UTC,eb1736eac41ee01b5fcf2f461899e601952b04a0f7259d94941ed57655841607,generate,22.0965,0.005646,0.1248,,
12/08/25 15:17:04 UTC,bea5d83048a32a56ff6364cc3edbe1cc4fd6b5ebbb6d9738bd2fe222137eded5,generate,18.5256,0.005646,0.1046,,
12/07/25 05:10:56 UTC,74aa31f749fe457b044e9e4ff56143877baccc4f3c2d29f6730fb3e84c7782b7,generate,15.0756,0.005646,0.0851,,
12/06/25 08:52:48 UTC,8336a0739598957438db7810e04109dd42c8572e2cbd09de3c464a475200c59b,generate,16.4934,0.005646,0.0931,,
12/05/25 06:09:52 UTC,259f430fc0862fdd3c9856f7c1d0942ba5e09d1986d238b1d6373b78a91d1476,generate,11.9369,0.005646,0.0674,,
12/04/25 21:58:40 UTC,4b6ab36f3683a3b4be20099ba4d9fc8b8a3d0a7bcacf9a8ae3a1961b00a471d4,generate,38.9653,0.005646,0.2200,,
11/29/25 09:54:56 UTC,90ab993d4da15d01b3c1ab244c5461f4b2e18db49bc20a8db8e198639b5640f7,generate,13.6787,0.005646,0.0772,,
11/28/25 15:50:56 UTC,77393ff1cc85c3bb51f221d9803e17d13d720ce0e5100d4f3f501c6b2ac41bf1,generate,10.7741,0.005646,0.0608,,
11/28/25 11:56:16 UTC,fcd0c79d7590653c8ec2b576901d7204aa234fa8587db89210b8f70fc4bd6583,generate,16.0251,0.005646,0.0905,,
11/27/25 08:01:20 UTC,cf573172c98a6591baead0b32ccac05679d05ce1340cc2e3bd93e9b945b23bec,generate,15.7699,0.005646,0.0890,,
11/26/25 07:35:44 UTC,db5834e646ace58601c0256d50af4d5dd6b6490f625953477bc361443265e27f,generate,11.4769,0.005646,0.0648,,
11/26/25 01:25:52 UTC,24916c09198b65fc5986f862f489806d48da6333d425646f4a6f5d0e39d33e47,generate,12.8308,0.005646,0.0724,,
11/25/25 14:02:56 UTC,7fff720abec1dff02813093aa17f48176689d9d53f2fd43c11acafa9ceedabef,generate,10.0456,0.005646,0.0567,,
11/25/25 13:52:00 UTC,31e7990231ae281ddd1c87c95f29ef41673533d33243e144839d22782e37fabe,generate,11.9878,0.005646,0.0677,,
11/25/25 05:54:56 UTC,e541cfea8d206f13e1a97ee286bc0bfec88a60a1af25cd1d233e05925b491ec5,generate,10.3566,0.005646,0.0585,,
11/25/25 04:29:36 UTC,e6bdf873a07419b2518523f71dfb85775773c11489102eb75cc4f93d8e22d8ca,generate,13.4104,0.005646,0.0757,,
11/24/25 15:13:04 UTC,3d2afd42772355b9b37ec426ebd13bf1a6986bd48852e7f7087f35a459dc5106,generate,23.7258,0.005646,0.1340,,
11/22/25 09:57:04 UTC,146c21e59a2d49c5e3ea4af27eb89d8aa1dbdcee48befcfb11c45654d609abf1,generate,13.7422,0.005646,0.0776,,
11/21/25 18:58:56 UTC,469832d19da1cc7297b7c96879a252a8f32abe37033ed382ab72ec79d23c1b66,generate,14.1876,0.005646,0.0801,,
11/21/25 02:14:24 UTC,070bff322ed037ed7727b8b6eb79756a7e3529871f4c5c89dc670f5beac3498a,generate,10.0899,0.005646,0.0570,,
11/21/25 01:53:04 UTC,cececf6dcb9c431862dfdc2e97f3449fb708800ee584b3f21a3ab84d7f668dc0,generate,12.4878,0.005646,0.0705,,
11/20/25 15:56:00 UTC,fc87883bfcbb6b7a61c1c12e82fad7f60f2443f024dbad8cb2e26a466560607d,generate,11.3289,0.005646,0.0640,,
11/20/25 10:37:04 UTC,07c437ced2153a1e13f40889e1f77a3190b37ff558f3a599f4f7de7122a62fcd,generate,21.3244,0.005646,0.1204,,
11/18/25 13:19:12 UTC,b499fa5b9e49f45336474e48b729fd19feb2df08cfd958943a2d186b15bb66f7,generate,17.7682,0.005646,0.1003,,
11/17/25 05:30:08 UTC,9fc80939cd8efdf81dccbec12726a33cedd104dfeb5bf01a0896977b41007663,generate,20.5599,0.005646,0.1161,,
11/15/25 12:01:20 UTC,5eb4df2f45101db57dbfc11c661d2acc411d9ef1744282912dcd4e344ac32b3e,generate,14.2569,0.005646,0.0805,,
11/14/25 19:11:12 UTC,8ce0665958aa57b59797a61aa07ff376ff48116c07e9bdccce81b42a3b3dcf91,generate,14.1169,0.005646,0.0797,,
11/14/25 03:22:40 UTC,cc6fbc4f8e0d616cc9796edcd3f6889f30bb3af678a49a0b27111d8c5c2be449,generate,13.8165,0.005646,0.0780,,
11/13/25 12:16:00 UTC,7805e6f8920d595e799e765d51653c5c0b4e97f8dee15817d9eb40b890f04326,generate,11.2700,0.005646,0.0636,,
11/13/25 07:11:12 UTC,ab339f851727db7df3b1b98cc1a09588fcb72f0ad2194675a746af8365dd3765,generate,10.3811,0.005646,0.0586,,
11/13/25 05:39:44 UTC,33596e4cdc2e67f988fa3a736f081b6b538337dd59eaff6ee1f4fac6b11941df,generate,31.5514,0.005646,0.1781,,
11/09/25 11:26:40 UTC,d604b0846c69eaca1205e36a265e3fbb2b2381c94b57c2b13b9c4c861e6015bc,generate,13.5050,0.005646,0.0762,,
11/08/25 20:25:52 UTC,92755eba0e54f7164261061289bedec5e7935b428f6faf2090bca53219f31d6f,generate,11.2089,0.005646,0.0633,,
11/08/25 15:35:44 UTC,69b84e111c2ff593c0a058f799501301128c83134e6a79aaa7e42ba288a06825,generate,12.8944,0.005646,0.0728,,
11/08/25 04:01:04 UTC,b8b592c1c48f8e50621a4a83066f926ad411459e83bc5dcbeb6d3cb1ae97d1eb,generate,17.5621,0.005646,0.0992,,
11/06/25 22:49:52 UTC,1c63aadefa577aa4188ebbad9382c20261be77124f4c53281f068e22d0817794,generate,10.7208,0.005646,0.0605,,
11/06/25 20:10:24 UTC,3d724c3de515f3a7bf7cc954112b61b0ae06ca536d914bc4e452799e411535db,generate,17.9228,0.005646,0.1012,,
11/05/25 14:55:12 UTC,d87aaa7f08b9f22856fe472ccdf71e1a5f112f57a259fbfd551c9abf3e654bac,generate,10.7969,0.005646,0.0610,,
11/05/25 11:58:40 UTC,3c325be00f0eaf75d9a5aa75cfae2c1ca9ebd590b7f083c79a69914cd3a333e8,generate,16.0459,0.005646,0.0906,,
11/04/25 06:30:40 UTC,ae5ca7efa340f7e48abe424ce7db654777c7f8fd5f27e932177397e09d62541d,generate,12.4975,0.005646,0.0706,,
11/03/25 13:54:08 UTC,85b45ae7c07cee28b84a95b94a7b4ed6cd5b94300b954c300fdad54d84a58d5f,generate,10.3604,0.005646,0.0585,,
11/03/25 11:25:52 UTC,7c25116e6137bdfd7de41dce690f9fe8fac1cb5fd828c58e5aaed31e9a2df90b,generate,12.5310,0.005646,0.0708,,
11/02/25 18:04:32 UTC,6195bc2e33859ea589c5a90c4c123f27edd2b3b1ca54e86f215afe9ecee356d0,generate,11.1641,0.005646,0.0630,,
11/02/25 10:05:36 UTC,6e79422f324b9a8f37e2156b13d835b590a47545703893c5c27f74560107a300,generate,16.1228,0.005646,0.0910,,
10/31/25 16:35:12 UTC,778d152ea37b375164c8795efc9f41f4aa42f5330cf6e775a553f26e30c99c4d,generate,10.5271,0.005646,0.0594,,
10/31/25 13:12:48 UTC,d8a80fff68a2785fdad0d3157752c004ed14032068700e6dadbd3c11be939d20,generate,11.2465,0.005646,0.0635,,
10/31/25 05:14:08 UTC,04ee3a0463d03d76f3c4723eaf93d4b738bd7ea5fe1c33032e3f7aa8b47d3128,generate,17.4489,0.005646,0.0985,,
10/29/25 07:09:52 UTC,54a312609f35945ce2c31faabcefbd0db68e15b951d246aff87ccc24dfd05c01,generate,12.0993,0.005646,0.0683,,
10/28/25 17:43:44 UTC,269a74e84ede4ca3dd05beb224cac26dde3786df239463cc5e6f4cc6feda6220,generate,14.1708,0.005646,0.0800,,
10/27/25 15:02:08 UTC,39cb3519506cd3f0a0185114c0001e51df546dce933cb36bfdd458ad47328d5b,generate,12.9666,0.005646,0.0732,,
10/26/25 14:47:28 UTC,8d3885b79c0ebde52a092233d5bb0ef372af24154122d627c2e227406ca6137a,generate,10.1657,0.005646,0.0574,,
10/26/25 11:57:04 UTC,180500777cae3457764a0a661e64502ae1a443046b0317fc29575818872165e8,generate,10.3085,0.005646,0.0582,,
10/26/25 06:39:44 UTC,f5880c9f54d3b9ccfa73b3d69984b5e941bd7ea8e5db5e1f4987a5b2b306db2e,generate,10.3399,0.005646,0.0584,,
10/26/25 00:50:08 UTC,da295475adc4940dd6d230eb06d9fecac47de03bd24ef25408123df0a41a9e65,generate,21.0038,0.005646,0.1186,,
10/25/25 19:57:36 UTC,fcb19e42f6e14e34edc5960d69ecd779a18cafd870fcaedef9e0f3b2f9f424f7,send,-0.0580,0.005646,-0.0003,,
10/25/25 19:56:05 UTC,281695136cc5fca47857a159a534b788b1fd410cd4daf3c6acbb722661d5a67c,send,-0.0580,0.005646,-0.0003,,
10/25/25 19:08:00 UTC,e9e6d5b2233de4645fe34d59d911bb82a75ec8d5a04287e6cb6dea46aba8e17b,send,-0.0580,0.005646,-0.0003,,
10/25/25 18:49:08 UTC,18b6d29e80d257d9bfb4e8f7ad363d3631c0b9ea469eb8d6d3dbccc5e9656d40,send,-0.5000,0.005646,-0.0028,,
10/24/25 22:03:44 UTC,230a09b2e2f44e3f65995466847439ef15fe7bec6ab3d88dcfab7fd104b39ec0,receive,0.3439,0.005646,0.0019,,
10/23/25 13:30:24 UTC,2c6ef38545a46890e10ba90d71e0c4ec4dc1b5bbbccda1a68ed5746fd7c43f19,generate,12.2712,0.005646,0.0693,,
10/23/25 02:01:52 UTC,aa569b0b476088d3efa9a2e9fb1334652fcd7cbd0966f606fc185ebbb7e1e905,generate,13.2181,0.005646,0.0746,,
10/22/25 10:26:24 UTC,d759a2176539e990b4d28cf20fd998b003678a3723dab7bef56390596faca260,generate,14.1852,0.005646,0.0801,,
10/21/25 14:21:04 UTC,dbe620136a2834f0ca7dfc0d1a5155b1e14427a7c2179d7a9fee4f535fd61aed,generate,11.4750,0.005646,0.0648,,
10/21/25 07:16:16 UTC,da5138f9fa23d8fbe30af4fb52f203e74a00cf93bda99cfa366be66a179d8ca9,generate,15.2785,0.005646,0.0863,,
10/20/25 07:29:04 UTC,830b98ebc801d2547fdb647e1a3be88f6c6abfc9e64e2b2355fc4f7f31d44dcf,generate,19.2227,0.005646,0.1085,,
10/18/25 15:14:24 UTC,c6a3dcb4309c20e4837e31c90e7283e5f039af1dcbcdcab8a625cc8ae433e872,generate,11.5532,0.005646,0.0652,,
10/18/25 08:27:44 UTC,a0be18bd977b02b79dcc34a73e6706b0771bba743256468737c8b325fcc062c7,generate,12.5514,0.005646,0.0709,,
10/17/25 21:19:44 UTC,2a97448a05be1cdde570f228a3cd1c1ff40d6db0d5cfad0392500e369e30c900,generate,11.5919,0.005646,0.0654,,
10/17/25 14:22:56 UTC,e57b003ee95e75e860032585d1931fe6caa0f6b7e78a04c65ebe5bcadc05d9d0,generate,14.4900,0.005646,0.0818,,
10/17/25 02:17:36 UTC,26f4a041dc545b6c4c168043d7ecc82a38b606c2e3f71532f5297d65d85eaa5e,receive,29823.1370,0.005646,168.3814,,
10/16/25 18:36:00 UTC,a3d0db755454f6e39cf090cea0f900bfce34ef63aae2f353225ad80d2669f1b4,generate,81.4852,0.005646,0.4601,,
10/04/25 14:30:24 UTC,ee69c55a0d3ec3266bd4726917641604f4ffc4b4e48aed47271dfabc73ec8bc3,generate,21.9040,0.005646,0.1237,,
10/02/25 10:00:00 UTC,91b95625055e65b2656dd55c3d940d68221ba8950e4acff8943a4ecef93f1655,generate,10.5581,0.005646,0.0596,,
10/02/25 07:26:56 UTC,99e7647c9c0e996265a1c96dff31e2fd067296ac3e03fbbb13cf94777ae6badf,generate,16.3729,0.005646,0.0924,,
10/01/25 02:18:56 UTC,a1af90c980b2e6d8029eed79a3be3c54eea2fabc3535ce128012cff6886123f6,generate,12.5326,0.005646,0.0708,,
09/30/25 15:23:44 UTC,cb266600fd6cfbc4f14563b80b4cfe1264651ed32302d6b226351d83e8ab9fd2,generate,11.2533,0.005646,0.0635,,
09/30/25 10:09:52 UTC,2ca26f9fb83f7d54d9042dd16664339c0fc52c30fd467de331b1d39c1c471f7e,generate,26.9442,0.005646,0.1521,,
09/27/25 05:50:24 UTC,c5c25c984c8de9ba39a305c09945eddff265d5ac23c88ad57805ca2de6d16483,generate,10.4715,0.005646,0.0591,,
09/27/25 03:41:04 UTC,3ed6526a57e4b72648c27332aeebdc874567713bf2f2686036904ea2510f3c83,generate,13.6736,0.005646,0.0772,,
09/26/25 11:24:16 UTC,b2e24ce697b6d562bac552df6b37de3ee7d446ed0a072d2856d74519443b6875,generate,12.2764,0.005646,0.0693,,
09/26/25 01:28:16 UTC,b020e5819feedf84e84e27e7206aed3f6313fcc68d9bc8a3f8c75daea37fa939,generate,42.5803,0.005646,0.2404,,
09/21/25 01:35:28 UTC,6d9b9ca39ae0852454a2f6f5cc3f4a2999ff5296885431ac43df6b7092f538b2,generate,18.9928,0.005646,0.1072,,
09/19/25 20:16:48 UTC,fc65c29d3e1932c65dafca5c22297bea5d386df235ef79e01a6da7e2fb61adcd,generate,18.7134,0.005646,0.1057,,
09/18/25 15:26:08 UTC,aea7f970f5522207c6db3c6c984c722cf46496a797f5142a08571e120ce7d815,generate,18.4362,0.005646,0.1041,,
09/17/25 11:51:28 UTC,4978ed78d7a6ba37b8d635b527c391eaeb183d0372830058c0efd7bf02e7bd6e,generate,11.4806,0.005646,0.0648,,
09/17/25 07:07:12 UTC,55700d48e394e37a57c430711fb4470ed62984e984e5656737c901a173b43166,generate,20.0389,0.005646,0.1131,,
09/15/25 22:59:44 UTC,5b75ccf07d6d6d370409b1947be184a4b541bba0a277de334be2f647836f594a,generate,18.1981,0.005646,0.1027,,
09/14/25 20:04:00 UTC,8fac7efb75870b4e84c3539ef52c4af4d8ac00fbd885c9a6df61c7317843308f,generate,28.8044,0.005646,0.1626,,
09/12/25 12:24:16 UTC,4495905f0f9c97b3403823b78e27d02a830702b202dbdee4f45e908a9e39c24d,generate,14.2854,0.005646,0.0807,,
09/11/25 23:33:04 UTC,4b5c55ebfc0f28f7330f16b912d82d7aa960e5835f7ee2f99827af3b78f155ba,generate,18.0711,0.005646,0.1020,,
09/10/25 23:20:16 UTC,20a88d09b6ae249e5aefcfea3cd056cb1e44122322f146aca253213067db37de,generate,18.9483,0.005646,0.1070,,
09/09/25 18:01:20 UTC,fda4a86296275899dcc7e979cfa30c37b06e5ca9d6fa6946c767a0d7df28c74c,generate,14.7264,0.005646,0.0831,,
09/09/25 02:53:52 UTC,a92d0e4edc288a5a4f68ce69f4afd5c8ecaabee72167ab81346df7b385f3ee95,generate,15.7203,0.005646,0.0888,,
09/08/25 08:08:48 UTC,8e541a545e3190e91ea3cc854b0583c5c2aa59c3a0e9f30e79f65a02d4cd1550,generate,20.0506,0.005646,0.1132,,
09/06/25 22:52:32 UTC,13c4e165c3e62d65fada939843ff4da46a0052df1df206616fbb780769debae9,generate,15.3314,0.005646,0.0866,,
09/06/25 05:13:36 UTC,07637f0dc82794411474fec45c16ed18f5667f733686684df1eac30bd2e9adba,generate,15.7247,0.005646,0.0888,,
09/05/25 10:38:56 UTC,ffbfd48a17de2890e65f1a6a3a709bfc51e18c44db4c14595554bacc066b3524,generate,11.9792,0.005646,0.0676,,
09/05/25 04:18:56 UTC,6b42cfde361454e3bd8c57ec6ac6be2ed1b2014d72a86cee30d36e4801c359e2,generate,14.4550,0.005646,0.0816,,
09/04/25 13:48:16 UTC,e9a661fdcee11c3a75aaf8b1f7c19c73ee0015a174f5cd39da783211f9ed28f0,generate,53.7709,0.005646,0.3036,,
08/29/25 09:10:56 UTC,11f6ce1bb2be8293f5d569dd9f19a1c2e081eda66d0da5f39c48d74259b0341c,generate,18.0435,0.005646,0.1019,,
08/28/25 06:27:28 UTC,4374ad595109b55ba0a6ccdfcf2824cbe0f430f65aea9ce0b2c7038bf7330404,generate,39.1967,0.005646,0.2213,,
08/24/25 02:45:36 UTC,70347f9907ef5edcab6f5ef92806daef8992dd7c1376f1eaef4535f461ff110b,generate,21.5155,0.005646,0.1215,,
08/22/25 06:20:16 UTC,971a3712647c8ab7ef7dd5a133e59796d5ffe68372ecfa1a9741640662c90a38,generate,12.4794,0.005646,0.0705,,
08/21/25 19:10:56 UTC,c45d8efd556b6b8f092a4ababaaf9cdf47c2299a6050617a591ca963391dcacb,generate,10.1118,0.005646,0.0571,,
08/21/25 18:42:56 UTC,4faf4a67f26751d50a1370db434bf4b2177b60049d115c2141c53c02b8c01b72,generate,16.1621,0.005646,0.0913,,
08/20/25 16:59:44 UTC,92fde75e6a54b5919be3466ebb6806d94e23dce5017713778eed8fbe3d9ba58e,generate,11.8676,0.005646,0.0670,,
08/20/25 09:12:16 UTC,dc861cf3b380e7145c84b3440e825444511f4e28b5e255f2d693ab9d4b668321,generate,24.4682,0.005646,0.1381,,
08/17/25 18:30:56 UTC,26469435fe37fd411b9c710a4312f0509928f1468f302d0f4014d2f09bec6109,generate,19.5336,0.005646,0.1103,,
08/15/25 22:56:00 UTC,28b1ee6a05fb2dea8f70416fbeabecb8cd58dab3672f74f7d8be2cda8c31223f,generate,13.9881,0.005646,0.0790,,
08/15/25 04:42:24 UTC,918a5960915a3b1ae5ab1b4e1bc7fcbb8f153b35f21c7eb22ac345de8b9a038f,generate,47.8701,0.005646,0.2703,,
08/09/25 12:53:20 UTC,ae583bf48ec18e42f284b22a88cd73aec22f6335440f3dfe3899fc8e3cab319f,generate,11.9682,0.005646,0.0676,,
08/09/25 06:22:24 UTC,eefed16bea68afe6aff4695ae58f8c5472dc2d4fd0f58b10016e4219bc0e447c,generate,20.7434,0.005646,0.1171,,
08/07/25 18:48:32 UTC,daef46bc923b95500f6ee9c37868fa70c1326c1133defaddc3f0b992a03bf0fa,generate,12.3912,0.005646,0.0700,,
08/07/25 10:53:36 UTC,fd679e485a3cb5573b275179ba553da3fb2141bf07f410bdb0b7633a2886a146,generate,23.3054,0.005646,0.1316,,
08/05/25 13:32:48 UTC,fb29d83f08f2a2dac8545db9d0192b118ff714d98d0260a2bf155a55c6cf1365,generate,21.2762,0.005646,0.1201,,
08/03/25 22:16:16 UTC,780aafd116c4786389a3284fe1167c428fdc6b5fd4a26863c29661eeda30d1ef,generate,10.8537,0.005646,0.0613,,
08/03/25 19:22:40 UTC,00dc2473e2d6785ef0b791128624545f4a598fa3cddf7e53d1cad60a41a04773,generate,24.5816,0.005646,0.1388,,
08/01/25 19:56:48 UTC,f0e6d3ecfa66bc66cd68963eb03be45392501867a67fe08b87df2d5eed6d1a59,generate,11.9792,0.005646,0.0676,,
08/01/25 13:36:48 UTC,e88f6c0383fae97cef4c88942e02017c6891efefd467f50a4ad9356f2585ecd5,generate,12.8316,0.005646,0.0724,,
08/01/25 04:33:20 UTC,0a716b0d08353cd3691aae5674eebd6ce39215e75825cfad6bdbaf6d0e55e7cf,generate,21.6097,0.005646,0.1220,,
07/30/25 14:24:48 UTC,43df97cc0203e8fedfe79d3573f1f2929a8f0d5242295719892c037e6ca4dfc8,generate,25.8219,0.005646,0.1458,,
07/28/25 14:09:20 UTC,5e2f88d24bfe659a91837028d7a6f170a4be3f78cb2ed0e0ce857038cd2761ae,generate,22.6439,0.005646,0.1278,,
07/27/25 01:22:24 UTC,b7c12a2460d32ac951531fb5cd64980c1635eefd029cf726ac79c14bf23614d9,generate,19.3353,0.005646,0.1092,,
07/25/25 20:03:12 UTC,a2229ac329c5f7bd06e4eb5c40d0c9e5949ab0baa16386b646ab6d912bd5ddf9,generate,16.1886,0.005646,0.0914,,
07/25/25 00:52:48 UTC,8991cb6b59392b283ce3569166a01bbd446d4520384d1ae7173cf08da78ded8c,generate,18.9805,0.005646,0.1072,,
07/23/25 20:18:56 UTC,b62d2a873fc31ba9f63f02db3ecd44c6b809e2d3c93e0f35e42c72606b56dd53,generate,10.2528,0.005646,0.0579,,
07/23/25 19:30:24 UTC,577fc6353b7e59b69036995b356c03882d0c4c6c1a2c2d56b548a0c2f1b9a165,generate,10.1056,0.005646,0.0571,,
07/23/25 19:10:08 UTC,93f74de23aeaf3c89246ef3b45b6567f2d7cb806f020db8754c8131efb4da623,generate,115.3664,0.005646,0.6514,,
07/09/25 09:49:52 UTC,37500f8a4c627844a368ee4263665b0627d27388e664aa78a6afb1c5efcaa64c,generate,11.6622,0.005646,0.0658,,
07/09/25 04:50:40 UTC,bc71400987ff1ff58f5f12439c2b31581348f715498f7e269d853f124ffb2aed,generate,33.6069,0.005646,0.1897,,
07/06/25 05:08:48 UTC,ca2fa0919bf292894b023472a98ddfbd3c04880c88a4a68a3b38f6112656b2b5,generate,14.5077,0.005646,0.0819,,
07/05/25 15:07:44 UTC,60e1c9c5cbbb3fb7b7cce14e6bb47a0791b68c8c9214791c9890eae6589c6909,generate,12.0976,0.005646,0.0683,,
07/05/25 09:01:36 UTC,5c2ca78c4ae5abce203ef4bdc0434bdbde2e9df2e005d5a83f790d465551e316,generate,11.7096,0.005646,0.0661,,
07/05/25 04:03:12 UTC,c9f04a160869754fd3536561801582cb8a70e25a113063a6d05d846fe58791c6,generate,15.4120,0.005646,0.0870,,
07/04/25 12:30:24 UTC,b3041b06365124222a1a370345ccf3abc6f7570b2af26ef2bfc8c39b400feded,generate,16.2658,0.005646,0.0918,,
07/03/25 18:49:04 UTC,ad72f6646184741d9d76bc4c94036aaafacdb9a3e42e8d77f4b863f9bca3d6dd,generate,18.3142,0.005646,0.1034,,
07/02/25 18:37:52 UTC,3c8da67ace24280463832bf2b6a66d1a82d456724e31c45935ee2c834dc53482,generate,12.8432,0.005646,0.0725,,
07/02/25 10:21:36 UTC,569753f24f4c1d7324653f096771d8afbf2ef7eddab6032317852614a779709b,generate,34.1963,0.005646,0.1931,,
06/29/25 09:58:24 UTC,91f08625216c8a0e36f12ef9f1d9cc9df78ce3a4dc08a6a903587d9cdead0471,generate,15.1684,0.005646,0.0856,,
06/28/25 17:56:16 UTC,f29e45ac143f5439b54f5afff23a78a0235c1178fb8d9daaa4f84b0bced7da8d,generate,18.0514,0.005646,0.1019,,
06/27/25 16:10:24 UTC,d87e79b893e76b98398eb57eb8e1f684fa3d7ccdcc8593bbe507a1312771c76d,generate,10.9708,0.005646,0.0619,,
06/27/25 13:04:00 UTC,038f4c904630e177283fa736b202e4bfa4b5575269da3adb44da13e7f7b5a37e,generate,30.0991,0.005646,0.1699,,
06/24/25 18:18:56 UTC,071a774b6c7be004c6c2a88ed473ad46fdf0837f9bf01fdfa00b2c6be25d9443,generate,10.6352,0.005646,0.0600,,
06/24/25 16:08:16 UTC,4e7ae7866caa301a1a7149ac1d0644ebd022ab9962002f390c255c7f42ce76c5,generate,23.6321,0.005646,0.1334,,
06/22/25 19:04:48 UTC,a72e080804ff234a94531c56fec16d0f04a220cc68bd9337d10c776e5fda4b13,generate,11.2349,0.005646,0.0634,,
06/22/25 15:14:24 UTC,b3a629e223d087cfb73994fa02bacb670869f0c56516e978183f62ce87a46219,generate,16.1110,0.005646,0.0910,,
06/21/25 20:18:56 UTC,f7d4d5760da8335ee9020ad869f21e2ba6647241f662b612b9dbd7855a11dada,generate,20.5429,0.005646,0.1160,,
06/20/25 11:40:00 UTC,c4910b65b0b81371bb0da9094e3e3cab0603fc8f4d0a25e8f7b02c014cb500d9,generate,345.1063,0.005646,1.9485,,
06/20/25 11:40:00 UTC,c4910b65b0b81371bb0da9094e3e3cab0603fc8f4d0a25e8f7b02c014cb500d9,generate,-238.7647,0.005646,-1.3481,,
06/20/25 11:40:00 UTC,c4910b65b0b81371bb0da9094e3e3cab0603fc8f4d0a25e8f7b02c014cb500d9,generate,-68.3266,0.005646,-0.3858,,
06/19/25 01:15:12 UTC,f6f2853856cac6590a472172504bf78a3d712889dbca63a860a2ade5014114f8,generate,17.9441,0.005646,0.1013,,
06/17/25 23:11:12 UTC,a45c2df17319332ade273d9492c4f2a51f57dcfd118570dd33d3a902908b9180,generate,21.2886,0.005646,0.1202,,
06/16/25 09:10:24 UTC,dcc88cfd645b8c66b0f0deafece2df570b040bafdca3b7a42ee0bf310b66879f,generate,11.6188,0.005646,0.0656,,
06/16/25 03:25:04 UTC,56f66acb9ac7503e90b99470859b1a9a16f50023087450e6ec8f27df0bbc0d99,generate,14.9950,0.005646,0.0847,,
06/15/25 09:39:28 UTC,4b822695d06d2e508490d7514800d6287473a3b0e58e6c8027637b3ffcb7e3f7,generate,15.0675,0.005646,0.0851,,
06/14/25 15:38:24 UTC,70d9188f80ecc30442bad67072556d9b4e2ffc1897c41951ef8395d36d151add,generate,11.4663,0.005646,0.0647,,
06/14/25 10:25:36 UTC,63d74c9efc2da7a9817a1d0538f36340abe9830b167fcb331844080f479baf08,generate,10.7477,0.005646,0.0607,,
06/14/25 07:46:56 UTC,a63bce8661822c509e2bbf86eaa40d9466404d04f8f9b10334c31d9b8f02d244,generate,19.0559,0.005646,0.1076,,
06/13/25 00:15:28 UTC,4245fe3aee18026fa0bbf47011566ed7f332d35ff408797f17b1a5c9fe2a8632,generate,12.5842,0.005646,0.0711,,
06/12/25 15:36:16 UTC,f50609a2bac37c6dccb85307eda54bf23d7f4c63cf3e01bc3d405dc5ab46060b,generate,14.3722,0.005646,0.0811,,
06/12/25 01:36:48 UTC,9305522ee338b903f1b02e5355e9d2369fb065fff6f14053b6e61e07364bf59d,generate,14.1042,0.005646,0.0796,,
06/11/25 12:28:48 UTC,a34935bcf4f364589577ca16a3ce885ae10e4a7e09d272a9be9b0e79f0241b4d,generate,15.9593,0.005646,0.0901,,
06/10/25 17:24:48 UTC,5516612226c3e4c80bc2f139871bacf6712aead39a9429760d27e74b63a3e3d9,generate,19.0432,0.005646,0.1075,,
06/09/25 12:16:16 UTC,84a613a8e7e534712edbf624f47a758ebeaaff527bd50e64b69c1a7315ba1c74,generate,27.8887,0.005646,0.1575,,
06/07/25 03:43:12 UTC,aebdebdc52b2072efcad456be944cde1729f13b66cd65b6e01b88feb537c9ba2,generate,11.1424,0.005646,0.0629,,
06/07/25 00:10:56 UTC,1908aa0132312f3e72c4b5c442752ae9f67d1c329dcd7e19a788b8883bf393f6,generate,15.5987,0.005646,0.0881,,
06/06/25 06:50:40 UTC,077649394e239421c42a89f1144e7c1e61fd1b95cb9c69ba18ae8bc48ccac32d,generate,13.2421,0.005646,0.0748,,
06/05/25 20:48:16 UTC,0b03b9d49774e3980ba1847d6504400d1a94d32403682a6e44fb7d33bca310d1,generate,16.9018,0.005646,0.0954,,
06/04/25 23:25:52 UTC,ba798a714bb6cae8979106f747d51d520baef59477b1869a6e4e680c74cd7e97,generate,19.6500,0.005646,0.1109,,
06/03/25 15:50:24 UTC,09c6d9ac4d3c1c6b052f7d6e5aadd5ee51e9b598ab5f733777a9e7cd4c7ba65c,generate,17.2581,0.005646,0.0974,,
06/02/25 15:53:36 UTC,cf7e7315b650b7b68c2904cd79f6d9aa9f653d1d1437d58cfef584c4c3fd79ab,generate,10.3260,0.005646,0.0583,,
06/02/25 14:51:12 UTC,3af2abd94b3624bf868761af98a714bc09e0118f02d22c45b3468f94442963c4,generate,22.4653,0.005646,0.1268,,
05/31/25 22:57:52 UTC,cbdc635393bd3019e585285cc784fa8a49e0e0023edf9a9beef3f4f8788b6b3d,generate,18.6536,0.005646,0.1053,,
05/30/25 18:29:04 UTC,259959d97249a691544848ad382109ecc9e631965b89b698f55e57b45b1bfd93,generate,12.2235,0.005646,0.0690,,
05/30/25 10:52:32 UTC,085bfc42b95e70ff352f50c3184024e72a22826c04af774fbf07c9f43cd9bb3e,generate,27.7648,0.005646,0.1568,,
05/27/25 20:20:16 UTC,07920d0f4da8e5014bfa9a632a52e8c80ccaf93abd5cbfdf87e701c354f3d5bc,generate,10.4750,0.005646,0.0591,,
05/27/25 18:38:56 UTC,fe5c24627068722aab36d93cf2fbcf5e2b1aab346d258c9c41fe01b051ce5371,generate,12.2851,0.005646,0.0694,,
05/27/25 10:47:28 UTC,9ec86daf335db73c3df068c46d648d860738c9d6156be9795c46de96a67761db,generate,15.2819,0.005646,0.0863,,
05/27/25 04:50:48 UTC,6c36bbbb7ddd698c9d8e1a81a23784b2d566e47070aa09debbc9f0bbcdf404a2,send,-0.5000,0.005646,-0.0028,,
05/26/25 16:38:08 UTC,f60445e4bd48465388d9d9eae71b39de880b4973583a581bc39afb52916d009f,generate,22.8887,0.005646,0.1292,,
05/24/25 17:55:12 UTC,608e72938bb8c7542eae609b7a5132bca4b52b29824d6bcd78b3914655da924d,generate,11.7598,0.005646,0.0664,,
05/24/25 11:25:20 UTC,0bd19f8f3b8a7c62c6ef93c4709f1c5c7a29b87eabc961f8ae7e44eacb00b295,generate,26.0705,0.005646,0.1472,,
05/21/25 23:09:36 UTC,16c1f19455d7ec09e5bfc811e5bf03d169a784bd47008ccb3c8ce1e2e71513a3,generate,17.2587,0.005646,0.0974,,
05/20/25 19:30:08 UTC,f005233754a99d55bea7b50aac90e1d13bbfb44c7a47cdc215ea14806bd5ccef,generate,14.9019,0.005646,0.0841,,
05/19/25 23:58:08 UTC,c49f18122604d201735e93aa3773eef5103e16541819b84c5564e70421d76661,generate,11.2456,0.005646,0.0635,,
05/19/25 18:59:12 UTC,6b888cd6bcc3fe76aea22972f67a93cb86ae16a4c023059ca301e010df5183a9,generate,11.7011,0.005646,0.0661,,
05/19/25 12:10:56 UTC,9b0dcb69037373e2ae9b59c8cf583a5f960ba0c5f88001b70ab79826b7c95503,generate,12.9989,0.005646,0.0734,,
05/19/25 00:11:12 UTC,632bbc6bc8fe6f0efc8693639e8565744dd102ff4bba7e448303a84d09563794,generate,10.9321,0.005646,0.0617,,
05/18/25 20:27:44 UTC,0cf4e39c13a3220bb85821057e54a8257c26a85e65bdadf6bb712c4896f53a74,generate,14.5344,0.005646,0.0821,,
05/18/25 02:19:28 UTC,07d1aed86bf891ecf8d4ed7988e34e48fbb20d352352fa3692e03b2f7fb630d1,generate,14.6081,0.005646,0.0825,,
05/17/25 07:28:00 UTC,17915b6ce0799701dc61d28282a977973453b1328b33763ebad3b376e2db53ac,generate,21.4823,0.005646,0.1213,,
05/15/25 10:16:00 UTC,d0c22441acfe63edb1afb1e9c9e55d63ae8eb9e4512d2f7ccec3a73ba03c7be7,generate,10.7465,0.005646,0.0607,,
05/15/25 07:24:00 UTC,ca65a5b6a3885c65ab1fda608d794e2227c2f9ba8300ad15fa78da61d7a54afb,generate,10.7581,0.005646,0.0607,,
05/15/25 04:29:20 UTC,a203993db75a7c600ddf51ad6e2ad070c71e230ca4a9208f4365a008b31c9090,generate,18.3565,0.005646,0.1036,,
05/13/25 20:24:00 UTC,d9e457cfa85553380849b656bf93abb8cfcd9519eb9b34735dc7d3a5f4050d6a,generate,11.4471,0.005646,0.0646,,
05/13/25 14:43:44 UTC,ddc4444de713c9383f4f9bc2c378d858afeb8416e0c2492d5b4a554529733bd3,generate,13.7022,0.005646,0.0774,,
05/12/25 23:55:12 UTC,e6d65fe423558cac002896d5b49bdfc29172b03833629ec908d5d921f3c0071e,generate,10.7678,0.005646,0.0608,,
05/12/25 20:50:56 UTC,3273f18b513bc205b202edcfc7224e16741b33c57cbc63ebab801f6fb1265d3a,generate,11.6617,0.005646,0.0658,,
05/12/25 14:26:56 UTC,1ec8b1e97d57eb34ae6cee7303723da9a6f9d5396ec886cb345e6a71a4767aac,generate,18.0169,0.005646,0.1017,,
05/11/25 08:30:24 UTC,361a5bbaf735c645921ee9c97f64c3190e66185b573211aa2b35f3243177a615,generate,21.1691,0.005646,0.1195,,
05/09/25 13:27:44 UTC,4f9829f3f8a1813269aff729d8ea0d87320da3a9ccdbd2a57edde144dfc19555,generate,11.1022,0.005646,0.0627,,
05/09/25 09:03:12 UTC,37f15d8c8a692368fc011d34fcea6f62f3b12ad414308a67a17baf3d7f7e7004,generate,16.5222,0.005646,0.0933,,
05/08/25 06:57:52 UTC,21cd8a3202ac79e883b8800d8c788231150a975c7c19b49971dd5d5101675ea4,generate,21.3217,0.005646,0.1204,,
05/06/25 09:20:48 UTC,2b78fbd81dbe416e1fe79dbddccd7a046fc2d4ff7ec85e759bf7ccc038534ddf,generate,15.9305,0.005646,0.0899,,
05/05/25 09:17:20 UTC,0a7021c00aeefe1ab7ddcc9837ab27e7ddc9893b112e1a65cd1088fff8de7b8c,generate,13.7778,0.005646,0.0778,,
05/04/25 18:46:56 UTC,0725a213d2898d6491e51ec1ab8c17bb52f4e8f746e80d7aeff4f5cef0bc533d,generate,23.1563,0.005646,0.1307,,
05/02/25 18:08:48 UTC,b3b2419c7734d00beffd436aafa22ccfbcf2d680ad303c5e3eaed7269a0cd925,generate,37.0591,0.005646,0.2092,,
04/28/25 12:12:16 UTC,f921e97cc8506424927e9dd0d39ac34fff599cea1351c67fb1db03aa5787e2f9,generate,16.7589,0.005646,0.0946,,
04/27/25 09:58:08 UTC,cebe876d9b1bbc14c2d67820e04391729db7786bc6840626425509a25b274b17,generate,11.4044,0.005646,0.0644,,
04/27/25 04:21:04 UTC,15f5c9acf652a8455e707b8676ba05a1fca0083bf3d08a2813f4ab016794e17a,generate,12.3910,0.005646,0.0700,,
04/26/25 18:47:28 UTC,d05f25f2d4a4031564115942b84221ecec8f97a62ed0c32757de50ac53812209,generate,11.0125,0.005646,0.0622,,
04/26/25 14:49:52 UTC,a954862bc73dc9f64af170232d81524f907bba01be665c253557ec2bccf66a4b,generate,20.4421,0.005646,0.1154,,
04/24/25 22:44:00 UTC,c6155b4e5b2a6276dc79fe64c70337ba29ef90e19240f77676b81ab252b275f5,generate,13.1887,0.005646,0.0745,,
04/24/25 10:29:20 UTC,62635ceee3bac68e3ba2ad220dbfc41bb7953f1f2c78369901ab16749cad2009,generate,18.9942,0.005646,0.1072,,
04/22/25 23:14:40 UTC,32f1bb132a2d53c34e3f3165d4efe9721828069e35b8e3a22b1f3dd1e4a30b28,generate,38.9312,0.005646,0.2198,,
04/17/25 18:45:36 UTC,d02e2881de941c15275b381ea750d12ea8ab67458a849fb7241fecddb598ba4a,generate,14.2120,0.005646,0.0802,,
04/16/25 22:38:40 UTC,4afd9613c10019de1e2f62e211ce824ff80688732b4f9aa7aa71b250ddf82fef,generate,10.3194,0.005646,0.0583,,
04/16/25 21:06:40 UTC,55650379a5d4777135ae3a3091e0d2213dd3df83c07aa9a79fbca75b6d7a6517,generate,16.3568,0.005646,0.0924,,
04/15/25 11:41:52 UTC,fd0ada6817243848ea5155db1e34ba591eeb28562c7457dafbbf5588b7e38608,generate,12.4783,0.005646,0.0705,,
04/14/25 22:28:48 UTC,de5a74fe30bd77377c5eff1dea14fc10d269eb636b123489caea1f9147a6b1c6,generate,13.4116,0.005646,0.0757,,
04/14/25 03:33:20 UTC,3b95abf642d413682d3dfa7db41c0e399d1a951ad7fc1008df9f217b5b128d77,generate,15.1782,0.005646,0.0857,,
04/12/25 23:20:00 UTC,7484a3b695cf57c62bdda8acb0ec7c89f311ab15e6ebc0a1cf0af565f77c65cb,generate,11.8072,0.005646,0.0667,,
04/12/25 13:31:28 UTC,91cbb6b5d28777d897c4d730263e5e8376c1b53bea0aa696b193a6d996d0b2b4,generate,18.3773,0.005646,0.1038,,
04/10/25 06:23:12 UTC,bb828363371958683408b818c55d75bfaf6c8cf3331281d774817b08c2d725a0,generate,12.5878,0.005646,0.0711,,
04/09/25 06:44:48 UTC,f85f4742f379f20145b32d5411b15a6a558d30756593f2d2fb07b07b4c10f2d2,generate,10.4660,0.005646,0.0591,,
04/09/25 02:10:56 UTC,1eb69d2578304624916ba708af5f93a2429e17b9b724a4948cd166e790ebcf0a,generate,10.1388,0.005646,0.0572,,
04/09/25 00:49:20 UTC,5c488934909c3461df7a0839a6fa7688d3c961a0d557f3bdfafd1e348a6bb5a0,generate,12.0475,0.005646,0.0680,,
04/08/25 02:48:48 UTC,6726b0459ddbfae79c754cf057b207285bfd20221a9046ed598e4fdd83a9b65c,generate,11.0776,0.005646,0.0625,,
04/07/25 14:27:44 UTC,5733b94dbd4f861c1df34ed301022a2e06c5109431551f130441ff2aa40d8802,generate,13.2387,0.005646,0.0747,,
04/06/25 01:27:28 UTC,378748918422395ee6ad25254762671ffed497934bab0af19a5aa0f558e125d8,generate,18.3938,0.005646,0.1039,,
04/01/25 10:36:16 UTC,b400db1fbacbe4c11a100a9ed78d667f819e845f816e5db318a71f8d6f3ac35e,generate,12.1119,0.005646,0.0684,,
03/31/25 06:12:48 UTC,115f2fd1b21e0af712bc05b3dc531ab44da9f51cd1809530cf8b5c212da48d12,generate,11.0476,0.005646,0.0624,,
03/30/25 16:38:08 UTC,75081ac17bea28564a09268c090940cf8d482dff68057e246195c4e1d7a8a5d7,generate,10.2704,0.005646,0.0580,,
03/30/25 13:17:04 UTC,be9d2ea213d4e6be9047f4bd319a8bbca5d605b30ad6eb1a8d2397ac7d66047d,generate,10.4629,0.005646,0.0591,,
03/30/25 07:35:12 UTC,bd2bf33bc8772dc0f5d71302f89a139746308cb663f1c0318aea8cb46ea3b30f,generate,11.0322,0.005646,0.0623,,
03/29/25 18:55:12 UTC,fc5d37165ffd48fc3e6eb87b343a71184d9fcf9fad78daf1a4d877f3ecb07a82,generate,11.1059,0.005646,0.0627,,
03/29/25 05:42:40 UTC,b6cc171cd79914179a4f89315bd3b10e26aa525ab112f7c753ef444629852bbe,generate,16.9897,0.005646,0.0959,,
03/26/25 01:15:28 UTC,bf75e2c4ee7caebad6ab9c610d9cf8744e225b97353dec0382aac37b4765fa41,generate,13.8057,0.005646,0.0779,,
03/24/25 11:33:36 UTC,dc343b90ac374487ab20a309e9d046b990b28c09ca07762958b4d0d02e2c09f3,generate,10.8797,0.005646,0.0614,,
03/24/25 02:40:48 UTC,7a34cf3b885aad4a31d9116dec33858265ceca550c5d2e6d087fe0fd955e3cb6,generate,10.4113,0.005646,0.0588,,
03/23/25 22:32:00 UTC,29708ffa954cf81af1989b1c718eeabae52b129ceab99c3f04ad89501a7a0491,generate,13.9702,0.005646,0.0789,,
03/23/25 18:00:18 UTC,db45f9cf3a93873a025ee3b1331f4f308d64b5a77484ab754e2e0c7cb203a6f6,send,-0.0680,0.005646,-0.0004,,
03/21/25 21:01:04 UTC,b494c57a1258943831027afdd239cdfa35cc7fe4cb293d2bee4ab9df3aed0dbb,generate,11.4035,0.005646,0.0644,,
03/20/25 19:34:08 UTC,4714f654adeae4267b6687322066fbc46c491fcf8aae5ffe04cc61c69f872075,generate,19.5523,0.005646,0.1104,,
03/13/25 22:17:52 UTC,af38c18cdcacaaa8de085e9e43c76190614393530a80e6223d114fc17c53269b,generate,10.1044,0.005646,0.0570,,
03/13/25 20:45:20 UTC,4cd1cca3657b97840cb2316faae820a1efe5aa1f47f9af511cf560bec4a9caa8,generate,13.1407,0.005646,0.0742,,
03/12/25 00:29:52 UTC,3c7bf8be24eacfb8e1078a57bcf0a0e5a9ed081bfa83026c91fb82a78a0151e1,generate,12.5977,0.005646,0.0711,,
03/10/25 13:25:36 UTC,ecc3943d2b16c9ff5445515f699467a4d2091418e5bd295d112009d7681fd23e,generate,12.6618,0.005646,0.0715,,
03/09/25 03:23:44 UTC,96dc4bbef8b789a59c512c201d9aa3f20bee6fcc040f9bd5c8d00f193ec5771a,generate,23.9533,0.005646,0.1352,,
03/03/25 02:04:48 UTC,9e2945895c22f06e51aeb30c046d776c6eb5a2f58f002098814b6bb8a12a80e6,generate,12.4261,0.005646,0.0702,,
03/02/25 04:54:24 UTC,1b926e47f4c71bb6da74f31e0811b3ff481f5ab099f69235ab733924021bba7c,generate,11.0868,0.005646,0.0626,,
03/01/25 19:25:20 UTC,932c75f16c099e914294338b3a21eef7cb821650f49465859415b692b0289bb5,generate,15.4078,0.005646,0.0870,,
02/28/25 00:15:12 UTC,9c44b3e9b531edae22cdfd36d3f2ec70a0f985a8d37ae65f0ea8dcfe9f956108,generate,13.7521,0.005646,0.0776,,
02/26/25 22:31:28 UTC,b09ec282dcd3891ac96199ea3a3a1a7946b11c0ccf15dc176c5408522bdc8ca5,generate,14.2435,0.005646,0.0804,,
02/25/25 18:51:44 UTC,d2dcae0481c54f1730c04e037c823e510ea822c6507f3e3410c1588c556df148,generate,22.9436,0.005646,0.1295,,
02/22/25 11:13:36 UTC,dc4f0b507829e9d6521a63a8565a710803b25f6ca3fd0d79c9421472ec603919,generate,10.3211,0.005646,0.0583,,
02/22/25 09:10:40 UTC,569976b1c72b2f4901c2d787991bf61dd9e581b38d3affc4c3374bfa8f15fa24,generate,14.9088,0.005646,0.0842,,
02/21/25 03:17:36 UTC,29dfd11d4a951943eff98da63e82d45a0d7deea70ceac0fd5a220c2c02da2735,generate,16.0005,0.005646,0.0903,,
02/19/25 18:36:00 UTC,c19b293c757a174a7afa2af05ee1ff4e2dd5c0a19ece9604be8c9f6948996f0b,generate,15.9677,0.005646,0.0902,,
02/18/25 12:29:04 UTC,dd7fe1400ce35541287e1b595c43d7dd14d018f5e096c25d4d89d173bda17aab,generate,15.1907,0.005646,0.0858,,
02/17/25 12:45:20 UTC,b5f3d67bccf35acff2349f1fc9e28bbd2301141b34aa6d6b50e6c83257fe46aa,generate,18.2444,0.005646,0.1030,,
02/15/25 23:46:56 UTC,7abe2549c3c918c441b274d5212816cb0fb542812bddcd4d1f9a35761cb5d3b2,generate,10.1141,0.005646,0.0571,,
02/15/25 23:17:04 UTC,0fdbb3a9a5560a3b271edfb1eead03277f126dd0516cd036d8ebee41f0d95457,generate,14.6047,0.005646,0.0825,,
02/15/25 03:11:44 UTC,f232aec85891507577027943441f990d2711afeb91ebf9e57b0d53c5d7980a0f,generate,12.3589,0.005646,0.0698,,
02/14/25 16:54:24 UTC,aa49dd27e44dbd9f95439ca2e716158d4c88b0a5d152a9543a7107da13e869f3,generate,10.0387,0.005646,0.0567,,
02/14/25 16:44:16 UTC,1dd660217f5cf46d2e2b51e66500b4a86aa2c670c12f6fa5eefd6d4d4160d87e,generate,18.4499,0.005646,0.1042,,
02/13/25 02:46:24 UTC,afedc2d5359585ea075647cccd7c51b92590368f08e70ab33e4a5ca5b8b2ee90,generate,11.0521,0.005646,0.0624,,
02/12/25 22:10:56 UTC,029f29dd64bea71c0f5e68acf64df01d13dd1e7d3cc8a9691ce9b4827d479671,generate,17.0127,0.005646,0.0961,,
02/11/25 16:34:56 UTC,2eb9303f49465964a680cdef6bef2579d26d7615bc09ab586808223e436864d9,generate,16.2362,0.005646,0.0917,,
02/10/25 14:33:04 UTC,d16f79ebcd12c9fd4ebcde26361fa872ae44c22feab63e21db1f0dda120bad20,generate,10.9768,0.005646,0.0620,,
02/10/25 10:17:20 UTC,20f216934686604e48c11eff526a1db68284d8a7c7f3da74ecdfc6baa521b484,generate,18.4382,0.005646,0.1041,,
02/08/25 20:39:44 UTC,ed9bcf2df26d0f328e75ea1f2acb673f3ec99e332603f26d15e32434c83a0944,generate,20.6693,0.005646,0.1167,,
02/06/25 16:39:44 UTC,9991eac12766b8d815189b0161285d94439454b22671b12c490829dd2d0ffcca,generate,14.0506,0.005646,0.0793,,
02/05/25 18:02:24 UTC,7b45b44332ac6dd18f67ffcc9a78d87d136b2a940078e5c4094f79d095949683,generate,16.2997,0.005646,0.0920,,
02/04/25 02:12:16 UTC,4b6fe8285e09acb0bd25c4489ade02d6f636a5857a63e14335e667b4ef0bc14d,generate,27.9062,0.005646,0.1576,,
01/29/25 18:14:24 UTC,0c7945771521f875989ee1feaaa486c58c9f125b30740751736384108e856044,generate,10.5803,0.005646,0.0597,,
01/29/25 12:45:52 UTC,042af251fe6c130f8cd4aa8dee9f8cf9a465eb23d610f2e51bc2cc5a077eb0a1,generate,11.2634,0.005646,0.0636,,
01/28/25 21:47:28 UTC,dd56cb8364861372534673caa330ec0c3cd06ec8b6ddcd08d04f403f6b4ae1ac,generate,20.7655,0.005646,0.1172,,
01/22/25 18:09:52 UTC,12087426f494ad2265773d0d58713a2cc51f56a6660c511acf432d173d5bafa5,generate,15.2932,0.005646,0.0863,,
01/20/25 01:14:56 UTC,e035a8bf5908dfd5a74a29568053774b560933b38fd32607f2749601294989be,generate,14.5610,0.005646,0.0822,,
01/17/25 16:37:20 UTC,5686d02fdbcb673787f78a15d93147a3ac23d80a315cb15b1969f0e6bf69137d,generate,13.4587,0.005646,0.0760,,
01/15/25 23:12:00 UTC,73413f855b73e6550b0a6d397e5961d1dc4ea43daa6d4735e30b4d7975d498be,generate,11.4259,0.005646,0.0645,,
01/15/25 06:17:20 UTC,e9b4b80ed93ebb9cf5a5814b041cd0d33f9bd2fb7db55828f9659db1d4b75c10,generate,10.5401,0.005646,0.0595,,
01/14/25 23:49:52 UTC,dfd043820a85c949c941c9d4e770b0cd702c3c330c2e8a7c187816c40a96f417,generate,16.3605,0.005646,0.0924,,
01/12/25 00:01:36 UTC,16512a48b239691cc24e0b97e6500d99474e821aa03b2f316156c96cc7fdda3f,generate,22.9761,0.005646,0.1297,,
01/07/25 00:00:16 UTC,2bb8401c3a2771e2c1aa424a12e0e58c197d84d16bf0f6d10ea36be77936bc99,generate,12.1460,0.005646,0.0686,,
01/06/25 06:50:40 UTC,9b0c8eb991818e4853fd257e8a8a5855befd4e2f512081bc35fac7e1894dfd02,generate,11.7983,0.005646,0.0666,,
01/05/25 16:27:28 UTC,fe300b5322f9dba6224869d193dc4b7355f347961cda0e0a3e9b19a58304b49e,generate,18.6375,0.005646,0.1052,,
01/02/25 15:30:56 UTC,903b563acb35a36aae5230c5aded0bee9a2095fcc2e1dd966709b046e9f22cb6,generate,13.8469,0.005646,0.0782,,
01/01/25 05:56:32 UTC,39da4f5ebaa7457a0d087a99a449e4db1c90cd4733e65fc3252eec6bdbc2d924,generate,11.6749,0.005646,0.0659,,
12/31/24 15:20:00 UTC,dce43ce579a4f32615584d7ed1d7bf0951daf5f3384fdbb8f6c7e74deb542d81,generate,12.4215,0.005646,0.0701,,
12/31/24 14:40:00 UTC,f06a99f5b686690538ecf488ac1a62717c6b8c42cb95d5fd1dadb993ded6bcec,receive,1.1866,0.005646,0.0067,,
12/30/24 18:12:00 UTC,24781aac0e429e99a2403ff36d1787b26eaa8188a65fdeb8c596d603c15bcf61,generate,19.7451,0.005646,0.1115,,
12/28/24 00:53:40 UTC,1e5b3498b628eae112c5cb013d0424fbf32ebe5cac788bad006c94f233315275,send,-0.5000,0.005646,-0.0028,,
12/27/24 05:50:08 UTC,bbc7b1000ea582c7d9f1707cd1ee9bb5934794dc846a13f22fc4252b229e9ecd,generate,12.0617,0.005646,0.0681,,
12/26/24 13:20:32 UTC,43baa8378db40f88120f51aeaa3348d769464a01abc308e63e9b470fb76b03e7,generate,10.1133,0.005646,0.0571,,
12/26/24 12:26:08 UTC,3a5787dc0e67c9f0d899df4d0df257c55f5cd9c7c5ffd1ebd4293b92c06be860,generate,10.5689,0.005646,0.0597,,
12/26/24 07:53:04 UTC,9c25123f508719600d1e17713367aa7634565530ff5d39aad129439c41f2f23b,generate,22.6693,0.005646,0.1280,,
12/21/24 16:35:59 UTC,643f032647b211bef3a234c046b883b7113e1d0f3a043822a128f278e45bd586,send,-0.0540,0.005646,-0.0003,,
12/21/24 16:34:14 UTC,c8845ae37077191ba2b2cd68b524084abdb4961c8d3888e036a370996ed31731,send,-0.0540,0.005646,-0.0003,,
12/21/24 16:33:42 UTC,4355d42181b9b0e833c997a249660848c2eb0995ddb1456e687117cfa6d54d1e,send,-0.0650,0.005646,-0.0004,,
12/21/24 08:50:08 UTC,2e940eb7b0e33cbfa593b37a31be71dbd5422ee120912b91cabef0fc5c392160,generate,12.0891,0.005646,0.0683,,
12/20/24 11:59:28 UTC,ef8b95cf0ed1b4cdeb8b3a3e95f8423fb00fd02a0e01a63ac4f6f422c58b945e,generate,20.6691,0.005646,0.1167,,
12/16/24 12:47:44 UTC,03fa4d0f0eebc018e0223416ad9f54ce0be9d2747a6b384ba1eb0765b259bbed,generate,11.7894,0.005646,0.0666,,
12/15/24 22:28:48 UTC,9559abc69addc6e0c64ccd1721e799f1c9150281ed396fd2421d1af13a9e72fc,generate,24.5322,0.005646,0.1385,,
12/09/24 23:10:08 UTC,90471645d9ebca59577fb2e75ec31c2976e074774d36d40817a420599d283c02,generate,10.7840,0.005646,0.0609,,
12/09/24 14:25:04 UTC,8ffa9b956a0ad02ab0fe16ea7ca06ec56979260468d4466ba05217dae2ad30df,generate,11.3561,0.005646,0.0641,,
12/08/24 20:40:32 UTC,9050dcdfec6a0903a74040cbd44ec7fc7fafe8d081bfc53ed71c55a35dc14cd0,generate,11.6825,0.005646,0.0660,,
12/07/24 23:20:48 UTC,559ad656eed43c07cfb3877ebec86c72d3d815a7990096b01191f7abdcd08956,generate,11.8046,0.005646,0.0666,,
12/07/24 01:49:36 UTC,0360a3e8ce6a0215b39449895f1e23fff21efa9f16066ab1fd6cb228339cef26,generate,23.4948,0.005646,0.1327,,
12/07/24 01:19:44 UTC,5b7e2f42f72b685e1cf340a1059afaad05339c1e989679eb19077653ac90c3e0,send,-0.0540,0.005646,-0.0003,,
12/07/24 01:18:02 UTC,91268b3f909047355119ef87950ccb22c1b9947d874fec2c6385481251a44674,send,-0.0650,0.005646,-0.0004,,
12/01/24 15:09:36 UTC,82beb92787ddfe6c3ef17772ccbc50f916fb996a813e8c75d63ad2a6dd394128,generate,25.3217,0.005646,0.1430,,
11/27/24 02:56:16 UTC,6c6a541e5947e1660d2d5f23a9f69d0bb79c10e5fe29a4959904361f925c9fb5,generate,44.0260,0.005646,0.2486,,
11/24/24 19:59:25 UTC,1049db1afba8c22080d00389c2034a53acbb9beb32a5594e75866bd4e59f5b31,send,-0.0550,0.005646,-0.0003,,
11/18/24 14:48:00 UTC,43eed215bd547f51239ad6cfa7b1e302f08603416be02966e0cbed29d0c9625a,generate,27.8556,0.005646,0.1573,,
11/14/24 04:21:04 UTC,04e1d13e8fb72e384857b868fdd42695a0ee6ff25349c146440f72765ae70ca8,generate,28.8354,0.005646,0.1628,,
11/07/24 12:19:44 UTC,9ae5691f4efe2c0b579714ef669cc99e692d6368ba9e7ef9848ca1920c194f34,generate,20.0879,0.005646,0.1134,,
11/03/24 22:36:48 UTC,23f0996b0fe314b038e9c398e25a98e29963e9d64040396a73316bc168e10968,generate,11.4047,0.005646,0.0644,,
11/03/24 12:14:24 UTC,084c2d22c80e21120e0b1fb296763c77d3500ccb09abec43de5454b4d865e6a7,generate,32.5692,0.005646,0.1839,,
10/29/24 16:08:48 UTC,090e652d2e9848a436a0b7ac5ef9e3e858876fd96a534113896d796b27e24d1b,generate,76.1958,0.005646,0.4302,,
10/17/24 14:34:56 UTC,5b1570e65c570b63460c773baddb0d422f2573e298b49b4477e50dc0330fc9d8,generate,11.6481,0.005646,0.0658,,
10/17/24 08:15:12 UTC,f11f2a2c998e21710082ed7a5a2e8085704580ac2cea3ba453e3636616229e84,generate,92.2731,0.005646,0.5210,,
10/04/24 20:08:48 UTC,f20617c87d84ce29bd558f8e2abc0a92e457feed7e5d5f17d160ac3de368bd20,generate,13.1873,0.005646,0.0745,,
10/04/24 09:35:44 UTC,0a4bfd53fe79bfd8774422df2e9010216714dd56af7221e5869610b0dcf85be6,generate,19.4132,0.005646,0.1096,,
10/03/24 02:08:48 UTC,afd6df51c2d9cdf9b35caccecd21f9cde2c7a5865d44f6ebff44a7c7c8a61eeb,generate,11.8991,0.005646,0.0672,,
10/02/24 19:38:08 UTC,c1e7b0c6202641a9c33118569d7027d54cdb09bdc3c1405d23c05dc7d84cec44,generate,11.2341,0.005646,0.0634,,
10/02/24 15:24:16 UTC,d5d07b6281877c1317e8ac4e1a3283dad6e69b11b2c00774234e55d76464ca73,generate,35.6933,0.005646,0.2015,,
09/28/24 21:07:44 UTC,765303ed1742b88e2b2279696bced8b90d4d51287a92e5f2f9769d817d4daae5,generate,53.7538,0.005646,0.3035,,
09/22/24 06:46:08 UTC,470b295a68e49e641031233b5429d5c5c8bcbe6959cd660f216373fd9511e0b8,generate,11.3794,0.005646,0.0642,,
09/22/24 01:40:32 UTC,ca904731af5b4b01da2d3a6d60336e85563f2cd5611afd433c345c80172b912d,generate,23.5404,0.005646,0.1329,,
09/20/24 00:57:20 UTC,e3817fc902dc0eae97d389ce80b6cfdf0fa9f29b6be72e59929287cb8a8ea39c,generate,18.8040,0.005646,0.1062,,
09/18/24 17:01:52 UTC,3a7e526fe1904ac8a63c5aedc87aacb5e6056cd1b28f643908f596ee398c9e07,generate,27.7168,0.005646,0.1565,,
09/16/24 01:46:24 UTC,98963a383e6e67ddcd87515aa0819c23838eb95f066b8c998b442364c6a3b3a9,generate,11.5475,0.005646,0.0652,,
09/15/24 20:16:16 UTC,3d1b91eaa079f6bb90a57c9f3f40f20172898d7631e81805e996bd2031c97cbc,generate,13.9824,0.005646,0.0789,,
09/15/24 06:21:36 UTC,95bf1da817d6d58eec86ec357a0efaac93a7ac063e59367a8135cc1d6d75a650,generate,10.9875,0.005646,0.0620,,
09/15/24 03:05:52 UTC,b58bade61bb142ce9412171c256582e1d51738f678c238858dba86b1fedf130c,generate,25.8406,0.005646,0.1459,,
09/12/24 23:49:52 UTC,94e0ad7dc0f3584528e8e5192203288bcab3f175cc6fed7094f9c0f83efdb8c1,generate,25.6325,0.005646,0.1447,,
09/10/24 22:36:32 UTC,d8301592417a53ffa8ed153621c1ed87d8a21ad7a5f392afab7a84b69ae0d63b,generate,15.8458,0.005646,0.0895,,
09/10/24 03:54:08 UTC,857dafb6ff0f284bc6c5c8144e607cb63773e458315d697756d296b1e8073f66,generate,28.4391,0.005646,0.1606,,
09/07/24 14:00:00 UTC,5186f198584d67ecbc99f0051c539183415dad82d9c48c60998898000db83fe4,generate,35.0460,0.005646,0.1979,,
09/04/24 23:31:12 UTC,bcd5f524892c394ac75e4c9225ea59d931f6504d7014df16b8cafb1d9038f6b4,receive,10781.0000,0.005646,60.8695,,
09/03/24 19:50:08 UTC,05879cab6d8f80100ff5ec35af257915fa3bff89fe3b7b044a2b487ab229d109,generate,40.1675,0.005646,0.2268,,
09/01/24 20:31:58 UTC,e1253abe1d4f977413c06fd830f51f2c05ea6cef320d06b75bf4a05293a72521,send,-0.0010,0.005646,-0.0000,,
09/01/24 20:31:58 UTC,e1253abe1d4f977413c06fd830f51f2c05ea6cef320d06b75bf4a05293a72521,send,-10.0000,0.005646,-0.0565,,
08/30/24 09:49:52 UTC,8501a51222f1f6a22b34dc5cf1b7fbd04d7e916870d23eda51c792361f8af6c5,generate,40.0438,0.005646,0.2261,,
08/30/24 00:10:10 UTC,b7cbfc1b3a62501b3c13fe747664b5cb232cde72ccbb9d10975f779a24cf7347,send,-0.0010,0.005646,-0.0000,,
08/30/24 00:10:10 UTC,b7cbfc1b3a62501b3c13fe747664b5cb232cde72ccbb9d10975f779a24cf7347,send,-40000.0000,0.005646,-225.8400,,
08/25/24 17:26:56 UTC,c36bf60dd4b142556d4114ad9440680efb02bb9e3c0d09b62efb45916e3ca2a0,generate,15.0711,0.005646,0.0851,,
08/24/24 18:39:28 UTC,7b3e7e8767a2c3bd93ab13c6ffdfe81e5435b1073d3eec06762fd76a508aadf4,generate,13.5992,0.005646,0.0768,,
08/24/24 02:31:12 UTC,c06b9cc17c71b8ea14255df1efa29bcf20e816a8c7ad4c0640f21c2ae89d7907,generate,49.5170,0.005646,0.2796,,
08/17/24 00:59:44 UTC,e989af33cd6cac7e85be6cbdde2dadac64c9c342f21c312635053d04e5fc73f0,generate,52.0240,0.005646,0.2937,,
08/09/24 20:20:00 UTC,2a94b1c682e0e6e53c7daa433eed3f054586b66beb55f574e003046f1063c128,generate,13.4325,0.005646,0.0758,,
08/09/24 03:57:04 UTC,03ce171d0f5ef56f21bafc2d3c99f8af738274ca90d57359e810787e5b5c2e32,generate,40.3327,0.005646,0.2277,,
07/31/24 03:21:04 UTC,e4b7e03dbac5bdcfdcedde4cd8b82fa88f74cb2a24c5dd3b9048eaf61fe348a5,generate,19.5648,0.005646,0.1105,,
07/30/24 23:20:09 UTC,551e9db795137250abc0b5d8dd4aeaaad165799d54c9aee4a69bd279c58cf9bf,send,-0.5000,0.005646,-0.0028,,
07/24/24 22:54:24 UTC,6a7019581e30374ebe2d2f72b023824395ec43d020fd71866848ceb33e672f1e,generate,27.0359,0.005646,0.1526,,
07/14/24 17:53:52 UTC,346290a936392202499db9d727099338f30f6d109aac4ebdaa459d897a0bfc1b,generate,11.7580,0.005646,0.0664,,
07/13/24 21:11:28 UTC,8f43972e04844d41d8875a1254bdafb2fc6ed305c346e55704c7bfa63a4ab4b9,generate,14.1902,0.005646,0.0801,,
07/11/24 22:13:52 UTC,3fb37ec093232b1010e46a56323b91029b0b8f8590a83216dcfdfb4f5f29158e,generate,11.6716,0.005646,0.0659,,
07/11/24 04:26:08 UTC,13d977d046a96b985d96e56bdc64aec67565cf3a7e0566117dc057ca3aad00f2,generate,13.3636,0.005646,0.0755,,
07/09/24 17:51:12 UTC,57d6cb4efae935e2e898837fa7a02be39d2253323ae72e5dff845f989ba97a4d,generate,19.5345,0.005646,0.1103,,
07/05/24 16:45:52 UTC,514b85608a41437d7572c1e852ded6cc2f63e805614a8f2fafdda8fb3ee5b71f,generate,13.3901,0.005646,0.0756,,
07/03/24 19:57:36 UTC,86e48e3fb4d0f6f1f2207fff394ac6df5da37325d419b35220794bf7847c5e1c,generate,10.5407,0.005646,0.0595,,
07/03/24 12:50:56 UTC,b0af18b53901eddfd5d3fbf039eee3041032bc924261b07fe696df127fd046e4,generate,22.9363,0.005646,0.1295,,
06/26/24 18:00:48 UTC,80b4423dd55dab804efb5a677a10443cf274fb167ccecb381c8e9edd1d8dd215,generate,12.8562,0.005646,0.0726,,
06/25/24 06:45:04 UTC,2ebeb22920fe3a2e658e6df67e99d204bebadab760f76bec193bfc7beb2d56fe,generate,10.8680,0.005646,0.0614,,
06/24/24 20:04:48 UTC,c2045c6fbaee0ab1ac9ca778342841bd126ca24201dad81fd64fc400b06c6f5f,generate,14.3609,0.005646,0.0811,,
06/22/24 23:22:08 UTC,df8c59ac221cfaeca3ed0725136956744c8cf65a7dea4d3c057a8117d7c26ac7,generate,11.5500,0.005646,0.0652,,
06/22/24 08:29:20 UTC,9c24a1f2a5a476245fe8fd7e8dcfdabc23d22736947c55e019c0a487299c59de,generate,12.1963,0.005646,0.0689,,
06/21/24 11:24:16 UTC,f36b0a3aff45550a04d4e47f02652b9a1fabcc022e11043d9289e8bda9cac0a9,generate,16.5442,0.005646,0.0934,,
06/18/24 23:43:12 UTC,72611ad7a0922d83ae6bb87f30bfb19eeda28d5cdb459dbed445240d62e6340a,generate,16.5445,0.005646,0.0934,,
06/16/24 14:36:16 UTC,173cda7968714e3142536a06d19e08785910d9f8a1318d331e86ece430bb7407,generate,13.0688,0.005646,0.0738,,
06/15/24 11:49:20 UTC,1043c8960e5ea5b801776a14bb3553c9898d573ad55e1a2827d9c0147c486158,generate,12.4312,0.005646,0.0702,,
06/14/24 14:36:16 UTC,df4b4343a07fa16bd33c4b76d13fe89017b4f794e47beb41821b1873f74ddd9b,generate,15.2555,0.005646,0.0861,,
06/12/24 16:44:48 UTC,010ce8b816a514202714328671c1000919bcf1681f47cd104f01d1f68894901b,generate,15.8463,0.005646,0.0895,,
06/12/24 00:04:38 UTC,6353f66448e834fd1dae12774dd805fed3fb156a7a78f7a2e2f053394e1b7dbd,send,-0.0310,0.005646,-0.0002,,
06/12/24 00:04:22 UTC,14b9fd497b5bedc1249aeafef4a2f02de0c095207e01e4d4d48ad2084ec93822,send,-0.0320,0.005646,-0.0002,,
06/12/24 00:03:40 UTC,326507e9397dde5bb1235c9bb361bcafbb3e6439c37521d70bf0d1d46cdccbd0,send,-0.0330,0.005646,-0.0002,,
06/10/24 17:08:48 UTC,64d8eb700ff76f12a01f1df52f5ae3372382438819413cbec294957722a34076,generate,14.4257,0.005646,0.0814,,
06/09/24 05:53:04 UTC,be89c90c304efde2ef8b8d5d38cef43c06c72c177199dc1b86d75d3153c5f5cb,generate,13.7570,0.005646,0.0777,,
06/09/24 02:45:36 UTC,0048420efb0d05d9320d62e1fc4f38eafbd7cb6d9828546b8aaabfb2755d053a,receive,628.7600,0.005646,3.5500,,
06/08/24 04:07:44 UTC,2c8646d7cd1be3113e2f739dda09e2115a3299ddadc77a59de620d3d24e80e19,generate,37.2044,0.005646,0.2101,,
06/01/24 18:16:16 UTC,5e98f5d0c77e30e5cf5e221448ec5013605f34c903d4ec0aee84672ad1372010,generate,12.1815,0.005646,0.0688,,
06/01/24 07:48:00 UTC,458358f40dbe08a3c00e9b8b742416231e39e7096bc71ba6d3c356a4ba2b784d,generate,25.4093,0.005646,0.1435,,
05/29/24 05:50:24 UTC,a5df91cb2f7a3cfebcc9e3bf89d9fb06d61257dc996c09f85cf1459c2677d2a7,generate,15.7350,0.005646,0.0888,,
05/28/24 01:52:16 UTC,9d3c7ccdbdb2d0c970e0a8fb2725bc6ed01e7457e3085974da00e5c9d4e81569,generate,14.2225,0.005646,0.0803,,
05/27/24 03:21:04 UTC,0a87902ce6c3ac8ee1ad9579f2fbbc1f2f50bb5ed747c85d3edcaeea7439ab92,generate,17.4955,0.005646,0.0988,,
05/25/24 12:22:08 UTC,265d672a134ecabf4813ee54b2fe19880eb724a4ffb80510f4162fec9adc9099,generate,14.9972,0.005646,0.0847,,
05/24/24 11:07:12 UTC,f832bc486b294667dd7a4d8a7a915b3e504e256d7472ea277bd8a0d6ecde3f2e,generate,15.8613,0.005646,0.0896,,
05/23/24 05:25:52 UTC,6f7faf8404b0c462500d87802e1cdaabe503307a828a3018277431b09e8b9be7,generate,19.1071,0.005646,0.1079,,
05/21/24 01:44:48 UTC,484d52326a032e7de1138a570cfb274756be9a80c477b63f2ef306f2406fd441,generate,16.7533,0.005646,0.0946,,
05/19/24 09:13:36 UTC,78ba7ef6620043d4bd978bf3e03e7f9c7d2deadcaeedad8274e863dfe2031c09,generate,30.1502,0.005646,0.1702,,
05/18/24 19:38:53 UTC,a08ef87cbcc8d6edd48b0c9867bc2ad922529eae25d4eb5326b55dc6cc639fc9,send,-0.0320,0.005646,-0.0002,,
05/14/24 14:17:20 UTC,8b00b7926ad8f6b0c8d8ef186adafc77df73b7e2172bc063a116e360aedc7ec8,generate,14.4641,0.005646,0.0817,,
05/13/24 15:44:00 UTC,e3d1c9b1edb4584e227723a70cd455e982589536403f2125de829532710f0aef,generate,16.7828,0.005646,0.0948,,
05/12/24 05:27:44 UTC,9480787369a6c0c0ec20ab0c0bbc6646d0229770bce9245e48440a614b6333d7,generate,23.0963,0.005646,0.1304,,
05/09/24 10:15:44 UTC,7434ca894567eeae9c77249663aa4ac4df0a8ce694e66ae6d1236523ff8d8a24,generate,22.8467,0.005646,0.1290,,
05/06/24 11:23:28 UTC,d2aed5475d34ac3d8180ab50ed565f26877271473493481ed361e3b3c053968f,generate,15.1890,0.005646,0.0858,,
05/05/24 08:34:56 UTC,b88575adb3c4b88a0e5c3bcffcaf4e02454ebd3409bacd594061d510faa4b484,generate,18.3881,0.005646,0.1038,,
05/03/24 15:08:00 UTC,498a9c63adb1f9e8fe292dee51564ef43e193fc90d6779facbe73669045238b3,generate,21.2556,0.005646,0.1200,,
05/01/24 09:06:24 UTC,77583fdeb989be004ba7f2cd27c1cf03071d380b89720c2b627b67d3b78abf00,generate,17.2857,0.005646,0.0976,,
04/29/24 22:29:20 UTC,65a01eb090af74ad0db41a3d76265725964f664e81e0dc7fde87aac8dc72490c,generate,10.3646,0.005646,0.0585,,
04/29/24 20:49:20 UTC,14991178acdc9ea1eb79f8eb289d4192ff3cf86641cd375acb3927fe82330c87,generate,29.2791,0.005646,0.1653,,
04/28/24 19:15:44 UTC,46a4fa9620ab644551698d43ecbf466e675330cfdef98cad7cc87b21256d043d,receive,19866.6804,0.005646,112.1673,,
04/26/24 02:04:48 UTC,65da6d6a24be113ee9321ddf0159fe1a59c6f799e316be8b9183ee841d83b8c8,generate,15.3867,0.005646,0.0869,,
04/24/24 22:29:52 UTC,9dbc01025f4f4d24af8d82372bf7beec04289f55f06da2ae32a923704f00a5a3,generate,33.9450,0.005646,0.1917,,
04/23/24 15:38:08 UTC,887cdb8b58ed634b1d5a2906e1b3f1a7cf4bc14716e4d4f50b89c0cc275b1b3a,receive,123512.5189,0.005646,697.3517,,
04/23/24 15:38:08 UTC,887cdb8b58ed634b1d5a2906e1b3f1a7cf4bc14716e4d4f50b89c0cc275b1b3a,receive,0.0010,0.005646,0.0000,,
04/23/24 15:38:08 UTC,887cdb8b58ed634b1d5a2906e1b3f1a7cf4bc14716e4d4f50b89c0cc275b1b3a,send,-123512.5189,0.005646,-697.3517,,
04/23/24 15:38:08 UTC,887cdb8b58ed634b1d5a2906e1b3f1a7cf4bc14716e4d4f50b89c0cc275b1b3a,send,-0.0010,0.005646,-0.0000,,
04/19/24 15:02:24 UTC,09a70311cde4fbfbf593ed677f3b55679f24e9668f7ee4d16fe57773e6ed9df4,generate,13.5132,0.005646,0.0763,,
04/18/24 22:30:08 UTC,c2677c0c9c4b539109894650ee7a54c25420abff07c10b5914f5895056ee7400,generate,12.2896,0.005646,0.0694,,
04/18/24 12:02:08 UTC,5d70c1cd6946b374ba813c60c8928b4e8bcafcf4edffbd2a05ae7cb1b6854c93,generate,11.7804,0.005646,0.0665,,
04/18/24 03:57:04 UTC,13b79c97f044acec070a3f45b32349f4892d9d0551ad1cd24247338f21dc6f3f,generate,14.0221,0.005646,0.0792,,
04/17/24 10:24:00 UTC,7099fe197e19e12778a9899b18b0c1fa28507d1be8ff411379848c2d54e3849b,generate,14.1230,0.005646,0.0797,,
04/16/24 16:24:32 UTC,c3d4070869e16de71fa397332a538a1bfd4cfa2d00170aae45f86ca7ddfab2a9,generate,20.1249,0.005646,0.1136,,
04/14/24 18:10:24 UTC,3ba26989336bc8d6b659eb8b0f58a0259911f56cd04855ba0addc54682698ab3,generate,31.7756,0.005646,0.1794,,
04/10/24 11:41:52 UTC,ee1486d63d569e1e93f5e4ea1d4ae4bc9135be7baed46fc873f46f8116132bf1,generate,16.2140,0.005646,0.0915,,
04/09/24 06:14:08 UTC,54e0691d813a211f2864d630180a3a0467af9330cb34914bae175634522c02aa,generate,11.0585,0.005646,0.0624,,
04/09/24 00:46:24 UTC,444caf99ced48b858111d2006a8b836e8246bba0d991319ee6db8fbfa189c2ec,generate,14.7658,0.005646,0.0834,,
04/07/24 23:21:20 UTC,886f3af66e051f8071ca43951e64a42c8f1329f82aee671ad82738cf7f45528d,generate,13.5075,0.005646,0.0763,,
04/07/24 04:38:56 UTC,d54febab2657dadc9432df949395644de60f621f1eb94209e050d8edfc38a507,generate,27.2904,0.005646,0.1541,,
04/03/24 13:46:24 UTC,bb0de001eb8922121bb3e09c451366e5c3cead7cb928871626a1843f65563679,generate,38.1283,0.005646,0.2153,,
04/01/24 01:16:00 UTC,d30366f12d92ed723458e463e5eeeb9b16b5281c20b6daf5b33a5587589cfa41,receive,10795.8495,0.005646,60.9534,,
03/31/24 20:58:56 UTC,708e0adda24d16be436a47b25a527e3802f0bce2043a2109c7a92564ffa32fe4,receive,612.1800,0.005646,3.4564,,
03/31/24 20:45:52 UTC,83631ff1b5f4d1916d3f00a68071fa778b518f40380f2311b76c9f95bdccf0fb,receive,1616.4000,0.005646,9.1262,,
03/31/24 12:37:52 UTC,1841911787eff84a517ac2dba70fa9076868b1b3382d8682db35766d29cd5568,receive,0.1566,0.005646,0.0009,,
03/28/24 01:46:24 UTC,4112b538667acba5c3f77518914ea79f8b32f3ae655db568459f715f6d651b73,receive,10944.0050,0.005646,61.7899,,
03/28/24 00:30:40 UTC,ecd82c6096628311b8841010c12fa349b8a87313ed0cafcba27aef6116c7b9c6,receive,1881.6445,0.005646,10.6238,,
03/27/24 18:02:24 UTC,82878bd035bff0f46c97c92d508821e5fc75d6a296a83d93b9120b239a269af9,generate,21.7343,0.005646,0.1227,,
03/25/24 23:43:44 UTC,0732d808b3979c9f94af856d7c9a743dac4a043f93452310537c813d57dd293d,receive,11184.9600,0.005646,63.1503,,
03/25/24 23:41:04 UTC,dc6438b4d34a9c1a07541db4767ee2b227239fdae2b73f6bd2fa5da64395e89b,receive,1099.9900,0.005646,6.2105,,
03/25/24 20:28:00 UTC,f3b9902373628e08d038443511a9f48d2c0bfa08f13deddae14f4b945e16626a,orphan,-0.1242,0.005646,-0.0007,,
03/25/24 20:28:00 UTC,f3b9902373628e08d038443511a9f48d2c0bfa08f13deddae14f4b945e16626a,orphan,-0.1242,0.005646,-0.0007,,
03/24/24 09:12:48 UTC,03f35401b0e6f35df9780958f146d4ff5df1899855803c6a613f3bf471ba517d,generate,15.3921,0.005646,0.0869,,
03/24/24 09:12:48 UTC,03f35401b0e6f35df9780958f146d4ff5df1899855803c6a613f3bf471ba517d,generate,-0.1539,0.005646,-0.0009,,
03/24/24 09:12:48 UTC,03f35401b0e6f35df9780958f146d4ff5df1899855803c6a613f3bf471ba517d,generate,-0.1539,0.005646,-0.0009,,
03/22/24 16:30:08 UTC,bfbec1e395a072ea8a1f90a490121ed4fd5576d3c1b8c0b61508d317d0822112,generate,27.3321,0.005646,0.1543,,
03/22/24 16:30:08 UTC,bfbec1e395a072ea8a1f90a490121ed4fd5576d3c1b8c0b61508d317d0822112,generate,-0.2733,0.005646,-0.0015,,
03/22/24 16:30:08 UTC,bfbec1e395a072ea8a1f90a490121ed4fd5576d3c1b8c0b61508d317d0822112,generate,-0.2733,0.005646,-0.0015,,
03/22/24 05:15:28 UTC,26aac149a70131d60568b547c384f30709275e4ab91fd80445294b18cc820723,receive,23880.0000,0.005646,134.8265,,
03/21/24 21:20:00 UTC,249cb383c441bdaab4b7544cd8400e39183fb30982edd7b541416ea4ce5543fd,receive,3645.5100,0.005646,20.5826,,
03/21/24 02:16:32 UTC,65de2d27afc6ebb3d67e97f8a6f7cd2d2420b17284ee729e3b79a1e403a7464e,receive,13475.4840,0.005646,76.0826,,
03/20/24 21:08:48 UTC,cef629f284cf491e03fbaa015e6e95150a31306450eb5bca5e3cb096a0c4b6f9,receive,3980.0000,0.005646,22.4711,,
03/20/24 18:18:08 UTC,2074da8d91edb64f44d3d9fb0cc3c1af1108dd052f646b1acd109c8e87eb1540,receive,995.0000,0.005646,5.6178,,
03/20/24 03:16:16 UTC,fa05b3e1d7013210753a4f180aa7b1fbac6eb0a56a0a393d39e705292d2a97ff,receive,4477.5000,0.005646,25.2800,,
03/18/24 22:45:48 UTC,c8cf055290b3b62fb259615ef72b8878028af05fb34a26f61f2b261e0f67b169,send,-2000.0000,0.005646,-11.2920,,
03/18/24 22:41:47 UTC,bace7221f177785450cc7c5f1f074ad8ac1f039ee4d7d3b167d9c4eacd3ed902,send,-2000.0000,0.005646,-11.2920,,
03/18/24 05:42:06 UTC,8f06b5b59a21bda2f89ba39ecb1c2738c3a2728168699b41909bfd349959c4c3,receive,38621.6469,0.005646,218.0578,,
03/18/24 05:42:06 UTC,8f06b5b59a21bda2f89ba39ecb1c2738c3a2728168699b41909bfd349959c4c3,send,-38621.6469,0.005646,-218.0578,,
03/18/24 05:38:05 UTC,44656efd7ff62149a686aeb98c9b248ad3951c4a17e387de23233f3d1ca05bc7,receive,10000.0000,0.005646,56.4600,,
03/18/24 05:38:05 UTC,44656efd7ff62149a686aeb98c9b248ad3951c4a17e387de23233f3d1ca05bc7,send,-10000.0000,0.005646,-56.4600,,
03/18/24 05:17:34 UTC,3a65dba400c44d38fc6a8ba7bf48e7a32cd423c71f5161efe793b63f7f383369,receive,2000.0000,0.005646,11.2920,,
03/18/24 05:17:34 UTC,3a65dba400c44d38fc6a8ba7bf48e7a32cd423c71f5161efe793b63f7f383369,send,-2000.0000,0.005646,-11.2920,,
03/18/24 02:57:22 UTC,367510e3cee9e9f255c48d5aa6fbe27b739e3cb4938f9181322f8e8bc4837383,receive,2000.0000,0.005646,11.2920,,
03/18/24 02:57:22 UTC,367510e3cee9e9f255c48d5aa6fbe27b739e3cb4938f9181322f8e8bc4837383,send,-2000.0000,0.005646,-11.2920,,
03/18/24 02:56:47 UTC,9e9080f1c7167a03d619a3c88f8f57c0c6d85a3c2b70cfba2151090078689ef6,receive,2000.0000,0.005646,11.2920,,
03/18/24 02:56:47 UTC,9e9080f1c7167a03d619a3c88f8f57c0c6d85a3c2b70cfba2151090078689ef6,send,-2000.0000,0.005646,-11.2920,,
03/18/24 02:56:14 UTC,1c76288465b981e3692ab6adb289990b6c132faefb1ffe2d816f3d314b76c1f7,receive,2000.0000,0.005646,11.2920,,
03/18/24 02:56:14 UTC,1c76288465b981e3692ab6adb289990b6c132faefb1ffe2d816f3d314b76c1f7,send,-2000.0000,0.005646,-11.2920,,
03/18/24 02:53:50 UTC,47fd11d08f78250c685e5a4b70f4092967462cb2162aca5603473b6c6cd5b70b,receive,38620.0000,0.005646,218.0485,,
03/18/24 02:53:50 UTC,47fd11d08f78250c685e5a4b70f4092967462cb2162aca5603473b6c6cd5b70b,send,-38620.0000,0.005646,-218.0485,,
03/17/24 19:25:55 UTC,b0f0de286f60bd86ab968f7feefa1260ac877947d38db4b999d56bc09cef5a9c,receive,38621.0000,0.005646,218.0542,,
03/17/24 19:25:55 UTC,b0f0de286f60bd86ab968f7feefa1260ac877947d38db4b999d56bc09cef5a9c,send,-38621.0000,0.005646,-218.0542,,
03/17/24 19:23:38 UTC,c5b1faec7216b3c963582a5ec5a615bbc6a1637a6d2c9bfe4cacf3eff0b85695,receive,38620.0000,0.005646,218.0485,,
03/17/24 19:23:38 UTC,c5b1faec7216b3c963582a5ec5a615bbc6a1637a6d2c9bfe4cacf3eff0b85695,send,-38620.0000,0.005646,-218.0485,,
03/17/24 19:23:12 UTC,723261137c946143f4920c66df5f40d039aee5fcc5345453651a3cd9f0a050ee,receive,15.0000,0.005646,0.0847,,
03/17/24 19:23:12 UTC,723261137c946143f4920c66df5f40d039aee5fcc5345453651a3cd9f0a050ee,send,-15.0000,0.005646,-0.0847,,
03/17/24 19:21:11 UTC,549338615edbe089606c326d76e2dc5b349316a1bf2cd6aa6653998b70fd290d,send,-0.0310,0.005646,-0.0002,,
03/17/24 04:19:17 UTC,60b3021e16d699efbff0b83450af7febff8c1f885909cdcdea0cc18770799eec,receive,38621.6889,0.005646,218.0581,,
03/17/24 04:19:17 UTC,60b3021e16d699efbff0b83450af7febff8c1f885909cdcdea0cc18770799eec,send,-38621.6889,0.005646,-218.0581,,
03/17/24 04:16:48 UTC,899f483cf29914f5ad18eba20cb100c2941dba0d2f90777cccab9e2fd3a653d1,send,-0.0750,0.005646,-0.0004,,
03/16/24 17:01:36 UTC,0bfcb26a0f47d85a1ee8e6bee825d7f835a005e383628dbf8a52d94ac883b43b,generate,14.1367,0.005646,0.0798,,
03/16/24 16:55:56 UTC,310f499bb9fe866de5b27e862e2e4100736f4d5f9df1c67233df14f9d24005d5,send,-0.0100,0.005646,-0.0001,,
03/16/24 03:27:47 UTC,90aa99ac9ca7b49f3358e33d637db55e1bd57df37e53755854ec24138d3c6858,send,-0.0640,0.005646,-0.0004,,
03/16/24 02:02:08 UTC,abbcbdf1f04a8e1c266b1e368cf06101d308dfb398c4b4138465ac2493523baa,receive,769.8900,0.005646,4.3468,,
03/16/24 01:53:36 UTC,fa05cd6e5e02f91ca9cd247a958889d2063a7c6b137cff066f7850402664b49b,receive,211.6900,0.005646,1.1952,,
03/16/24 01:43:28 UTC,59cf1d35fcff33137d61fe3d6b19480fd0dd00c31ed574466f8b6c7fcab0ac43,receive,688.3300,0.005646,3.8863,,
03/15/24 07:06:40 UTC,83ea73f492462efa3535c99f6bdae4e20c5b5734812c7d49bc8cc0f79057e337,receive,141.4600,0.005646,0.7987,,
03/15/24 06:41:04 UTC,e1f92fcfab251dc8dcc56a68443cd4ef926863fecc2df1257ab9eaeecae7a519,receive,2079.9200,0.005646,11.7432,,
03/15/24 06:25:50 UTC,07ab28a3ce653dab6070dd697d9478da7ce86013b9a4976adda757bea86fae36,send,-0.0480,0.005646,-0.0003,,
03/15/24 06:14:56 UTC,bee3566fb2fde8b99ccb0108a47ece4257a377914dc7237da5520430e185782d,receive,4150.4700,0.005646,23.4336,,
03/11/24 23:02:08 UTC,0e0351407477c8d403f4543654117cd29624175815efdf7e2905478640efafbc,receive,2.3210,0.005646,0.0131,,
03/11/24 22:15:12 UTC,afa898fb3819f24fe82a89d502643c5ee46587f86407390eae83fec499fd9f59,receive,0.3606,0.005646,0.0020,,
03/10/24 23:40:32 UTC,67bed1374850d5ed6e6d2f3344dc947be26796ab504828e6fd878bfb300982c0,receive,0.2380,0.005646,0.0013,,
03/10/24 08:40:48 UTC,56cd6c6a867d3256c830023a436494d228ac0d0bb0fbf23bfca05a02bf6b4aca,receive,11153.8400,0.005646,62.9746,,
03/10/24 08:32:16 UTC,d2525ed0117d740e21bcda61db7ad37d83118e42d97e8afd5f7fb29d9a154084,receive,19396.6500,0.005646,109.5135,,
03/08/24 04:10:08 UTC,b5301fd638406d36be10c82aca43981cfda6154837f4a861fb19d11cdfa22e39,receive,0.0771,0.005646,0.0004,,
03/08/24 04:10:08 UTC,4abeca32477aeed5f8813172ed20b5b099052ea21129e53a9cca5cfcf6bc79a6,receive,0.0771,0.005646,0.0004,,
03/08/24 00:00:48 UTC,d62321a96521ef590240e4cd79e70e68402b7606880b1d6f2d26fdd75bf7eee7,receive,2.0871,0.005646,0.0118,,
03/06/24 08:00:48 UTC,7c480203357d59e07b12931291dc63bebef84db3e9b22cbc042587aff78c11ff,receive,2.2446,0.005646,0.0127,,
03/05/24 06:02:24 UTC,cffe12799d1c1ac91d73be5ecb065f1cdfefd1d284510f0c43498f7b35ff638c,receive,2.1763,0.005646,0.0123,,
03/05/24 02:13:20 UTC,f5d6ec37ccc9f1db6288ac145bf5fd39545254cd77c38b46e8e103998c2f79dc,receive,0.4901,0.005646,0.0028,,
03/04/24 03:05:36 UTC,ad5a4ae942df7e3615135dbd8a6532b3688f6e105db713d201654ca3394fde96,receive,2.5300,0.005646,0.0143,,
03/04/24 01:13:04 UTC,d3228b612f38861fb9a5d1be44dd88e9cba064041eb4386b0f446b1aaccea779,receive,0.0997,0.005646,0.0006,,
03/03/24 11:03:28 UTC,8a1ed21bc785160fc49c46e10354296985ded93d6cd269acd46236535825dd75,receive,2.1914,0.005646,0.0124,,
03/03/24 06:48:16 UTC,51b4ba593fe8e772c8b332cd9a626a0b33c624ee1938d55db8e72d9b939f465e,receive,0.0543,0.005646,0.0003,,
03/02/24 14:51:34 UTC,06e5269d4735fe4812c08e98d3a40da5e833441c42ab90702bfb1e3fba94c073,send,-0.5000,0.005646,-0.0028,,
03/02/24 02:08:48 UTC,24ce1a782492e987128b419c2e90cc15b325d467928cf4a5270d28580b103080,receive,0.1542,0.005646,0.0009,,
03/01/24 07:12:16 UTC,0a1af108afda0cd41edfb05d98660808520a8a26a164cdebe044667ba99ec59e,receive,0.0944,0.005646,0.0005,,
02/29/24 19:11:44 UTC,61a3a62c1880599e13292b9d13f3c3fa343ec8e036bf0e21d1137f7e49ebc988,receive,0.6900,0.005646,0.0039,,
02/29/24 17:45:20 UTC,c4f432a3a395050295acb3209a86f2261b894aeb6801a193093b02374bd5bc2a,receive,0.0994,0.005646,0.0006,,
02/28/24 23:43:29 UTC,d73f05d82bb36e8b2f86c6fa10485cf635da25cb6c5dd3347a3b854fbf0814ab,send,-0.7000,0.005646,-0.0040,,
02/28/24 16:42:40 UTC,7bbf478697627f589f741b6e943a1a1822fb7a1795d5e0cda686ef438d77c6cf,receive,0.3618,0.005646,0.0020,,
02/25/24 09:34:08 UTC,1cdf05c0ebd8528ed9c7e2ed6ee6f8e3b46bb9a26b970affcb0bfa143e19de68,receive,0.2080,0.005646,0.0012,,
02/24/24 23:21:20 UTC,b300a6e8806013b43322b0de7af5bd493ca7f60bd90df8b19e3c14181c504303,receive,0.1561,0.005646,0.0009,,
